LEK ,LEK,,    ,,LEFT TAG,LEFT TAG,RIGHT TAG,RIGHT TAG,,MORPHOLOGY,,,,,,,,,,,,HEMATOMAS,,LICE,,,COMMENTS,,,FECAL SAMPLES,,,,BLOOD SAMPLES-HEMATOCRIT,,,,,,,,,,,,,,,,,,,
NUMBER,NAME,breed,DATE,TIME,COLOR,NUMBER,COLOR,NUMBER,,,,,,,,,,,,,,,,,,,,,,,,,,,,,,,,,,,,,,,,,,,,,
,,,,,,,,,,WEIGHT (G),TOTAL,TAIL,WING,KEEL,TARSUS,TOE,COMB ,BILL,BILL,COMB,AIR SAC,COMBS,AIR SACS,BACK OF,NUMBER ,NUMBER ON,DIARRHEA,,,,,,,,,PLASM,,,,,TOTAL,#DAYS LEK,# DAYS,PROPORTION OF,,,PLASM,,,,,,
,,,,,,,,,AGE,WITH BAG,LENGTH (mm),LENGTH (mm),LENGTH (mm),LENGTH (mm),LENGTH (mm),LENGTH (mm),LENGTH,LENGTH,DEPTH,COLOR,COLOR,,,HEAD,ON COMBS,AIR SACS,,,,MITES,SPORES,COCCIDIA,ANY OTHER,,TRYPS,,P,L,H,PCV (mm),VOLUME (mm),OBSERVED,ON LEK,DAYS ON LEK,,,,,,,,,
________________,______________________________,_,_,_,____________________________________________________________________,,,,,,______________________________________________________________,,,,,___________________________________________________________________,,,,,_____________________________________________________________________,,,,,,_____________________________________________,,,_____________,__________,_,_,_,_,_,_,_,_,_,___________________,_________________________,,________________,_,_,_,_,_,_,_,_,_
,,,,,,,,,,,,,,,,,,,,,,,,,,,,,,,,,,,,,,,,,,,,,,,,,,,,,
NON BREEDING MALES,,,,,,,,,,,,,,,,,,,,,,,,,,,,,,,,,,,,,,,,,,,,,,,,,,,,,
,,,,,,,,,,,,,,,,,,,,,,,,,,,,,,,,,,,,,,,,,,,,,,,,,,,,,
6,Broken Wing,, 6 Apr 87,,red,118,       ,     ,juv,3350,751,295,295,150,73,71,20.65,38.9,23.8,yellow olive,bistre yellow,-,-,-,,,,broken right wing,,-,+,-,,,-,,,,,7.5,15.5,,,,,,,,,,,,
2,North Lek,0,14 Mar 87,,white,403,orange,  1,adult,3400,732,295,308,129,70,69,18.9,36.8,21.5,,,,,,,,,,,-,-,-,,,,0,,,,,,18,10,0.555555556,  1,0.55555556,0,,,,,,
2,North Lek,0,14 Mar 87,,red,103,orange,  2,adult,3250,720,294,300,130,71,74,23,39.8,23.2,,,,,,,,,,,-,-,-,,,,0,,,,,,18,14,0.777777778,  2,0.77777778,0,,,,,,
8,Mud Springs,0,26 Apr 87,5:58,orange, 22,orange, 11,juv,2700,695,280,321,133,70,65,22.1,40.55,23.7,olive yellow,bistre yellow,-,+,-,0,0,,scab on left sac,,,,,,,,1,+?,,,,,,,, 11,0,1,,,,,,
4,South Fetterman,0,12 Apr 87,4:15,white,497,orange, 29,adult,3100,739,295,310,122,65,68,25,37.4,21.7,green,yellow,-,-,-,0,0,,,,-,-,-,,,-,0,,,,9.5,12,4,2,0.5, 29,0.5,0,,,,,,
8,Mud Springs,0, 9 Apr 87,6:30,green,391,orange, 33,adult,3400,765,331,321,138,75,75,24.9,38.8,22.9,yellow green,yellow,-,-,-,0,0,yes,,,,,,,,-,0,,,,8.5,14,8,3,0.375, 33,0.375,0,,,,,,
8,Mud Springs,0, 9 Apr 87,5:15,red,197,orange, 36,adult,3400,767,290,310,134,71,69,24.5,37.4,22.2,yellow green,yellow,-,+,-,0,1,,,,,,,,,-,0,,,,4,16.5,8,1,0.125, 36,0.125,0,,,,,,
8,Mud Springs,0, 9 Apr 87,5:40,blue,272,orange, 40,adult,3300,796,303,315,130,70,72,23.5,38,22.8,green,yellow green,-,+,-,0,0,,,,,,,,,-,0,,,,6,11,8,1,0.125, 40,0.125,0,,,,,,
8,Mud Springs,0, 9 Apr 87,7:00,white,443,orange, 41,adult,3500,784,301,319,133,69,75,25.3,38.7,21.9,yellow green,yellow,+,+,-,0,0,,,,,,,,,-,1,+?,,,6.5,13.5,,,, 41,0,1,,,,,,
8,Mud Springs,0, 9 Apr 87,6:00,purple,569,orange, 42,adult,3300,771,301,312,134,71,70,22.4,36.8,21.5,yellow green,yellow,+,-,-,0,0,,,,,,,,,-,0,,,,5,11.5,,,, 42,0,0,,,,,,
1,Long Lake,0,18 Apr 87,4:00,blue,260,orange, 81,adult,3000,783,317,320,130,70,73,23.1,38,22.1,yellow,yellow,-,-,-,0,1,,"thin, breast muscles small",,+,+,-,,,-,0,,+,+,16,30.5,8,2,0.25, 81,0.25,0,,,,,,
1,Long Lake,0,18 Apr 87,4:25,white,485,orange, 82,adult,2900,718,260,312,134,70,72,23.1,36.3,21,yellow/green,yellow/gray,+,-,-,0,0,,,,+,+,-,,,-,1,+?,+,+,11.5,32.5,8,1,0.125, 82,0.125,1,,,,,,
4,South Fetterman,0,16 Apr 87,5:50,red,184,orange, 85,juv,2900,768,267,310,135,67,68,25,35.8,21.6,yellow,yellow,-,-,-,0,0,,,,-,+,-,,,-,0,, , ,7,29.5,3,1,0.333333333, 85,0.33333333,0,,,,,,
5,Cordingly,0,16 Apr 87,3:55,orange, 91,orange, 90,adult,2900,,,,,,,,,,,,,,,,25,,,,-,+,-,,,-,0,,+,+,10,23,,,, 90,0,0,,,,,,
5,Cordingly,0,11 Apr 87,3:40,orange, 91,orange, 90,adult,3100,742,282,310,136,71,71,22.7,37.6,20.8,yellow/green,yellow,+,+,++,0,0,,,,-,+,-,,,-,0,,+,+,8,10.5,,,, 95,0,0,,,,,,
4,South Fetterman,0,12 Apr 87,3:30,orange, 96,orange, 95,adult,3400,777,326,313,130,69,72,22.5,36.6,22.1,yellow/green,yellow/green,-,-,-,0,0,,,,-,+,-,,,-,0,,,,5,20,,,,101,0.72222222,0,,,,,,
2,North Lek,0,13 Mar 87,,red,102,red,101,adult,3500,794,313,308,130,72,67,19.9,35.7,21.2,,,,,,,,,fiesty,,-,-,-,,,,0,,,,,,18,13,0.722222222,106,0,0,,,,,,
1,Long Lake,0,18 Mar 87,,red,105,red,106,adult,3500,803,330,317,133,74,77,24.5,37,21.1,xxxxx,xxxx,+,+,,-,+,,,,+,+,-,,,-,1,,,+,,,,,,108,0.33333333,1,,,,,,
5,Cordingly,0,16 Apr 87,3:45,red,196,red,108,adult,2900,,,,,,,,,,,yellow,,+,,,7,,,,-,+,-,,,-,0,+?,,,12,30,,,,110,0.055555556,0,,,,,,
5,Cordingly,0, 8 Apr 87,3:00,red,196,red,108,adult,3250,770,293,306,136,71,72,25,40.6,22.2,yellow,yellow,-,+,-,0,0,,,,-,+,-,,,-,0,,,,3,12.5,3,1,0.333333333,111,0.14285714,0,,,,,,
2,North Lek,0,27 Mar 87,,white,450,red,110,adult,3400,753,316,312,138,70,71,22.5,36.7,21.3,green,,,,,0,0,,,,+,+,-,,,,1,,,,,,18,1,0.055555556,114,0,1,,,,,,
8,Mud Springs,0,12 Apr 87,4:32,red,113,red,111,adult,3000,740,319,322,121,73,67,23.1,38.45,22.5,olive yellow,bistre yellow,-,+,-,0,0,,,,,,,,,,0,,,,,,7,1,0.142857143,117,0.28571429,0,,,,,,
8,Mud Springs,0,12 Apr 87,6:45,orange, 24,red,114,adult,3200,680,320,312,145,75,69,25.1,39.6,23.5,olive yellow,bistre yellow,-,-,-,0,0,yes,,,,,,,,-,0,+?,+,+,7.5,11.5,,,,121,0.42857143,0,,,,,,
6,Broken Wing,0, 7 Apr 87,,white,412,red,117,juv,2800,700,280,291,131,72,60,18.9,34.9,20.65,olive yellow,lemon/bistre yellow,+,+,-,1,0,,,,-,+,-,,,-,0,,,,10.5,15,7,2,0.285714286,122,0,0,,,,,,
6,Broken Wing,0, 7 Apr 87,,purple,521,red,121,juv,3400,729,295,294,133,73,66,24.6,38.15,22.9,olive yellow,bistre yellow,-,+,-,0,,,,,-,+,-,,,-,0,,,,3,5,7,3,0.428571429,179,0,0,,,,,,
6,Broken Wing,0,14 Apr 87,4:06,purple,521,red,121,juv,3050,,,,,,,,,,,,-,-,+,0,0,,big red blotches back of head,,-,+,-,,,-,1,,,,14,27.5,,,,180,0.125,1,,,,,,
7,Sybille Springs,0, 8 Apr 87,4:28,red,125,red,122,adult,3500,780,338,306,147,69,68,23.25,42.75,24.1,olive yellow,chrome yellow,+,+,_,0,0,,,,,,,,,-,1,,,,8,14.5,,,,182,0.125,1,,,,,,
4,South Fetterman,0,13 Apr 87,3:42,red,190,red,179,adult,3200,765,302,335,130,69,71,24.1,36.1,21.5,yellow/green,yellow,-,+,-,0,2,,,,-,+,-,,,-,0,,,,8,11.5,,,,185,0.625,0,,,,,,
1,Long Lake,0,18 Apr 87,5:50,blue,257,red,180,adult,3125,795,305,322,132,67,69,23.8,37,21.6,yellow/green,yellow,-,-,-,0,0,,,,-,+,-,,,-,0,+?,,+,3,21.5,8,1,0.125,195,0.25,0,,,,,,
1,Long Lake,0,18 Apr 87,5:30,orange, 83,red,182,adult,2950,730,229,303,135,71,69,23.1,40.8,22.1,yellow/green,yellow,+,+,-,0,0,,fiesty,,+,-,-,,,-,0,+?,+?,+,5,31,8,1,0.125,198,0.25,0,,,,,,
1,Long Lake,0,18 Apr 87,5:05,white,486,red,185,adult,3000,745,270,305,132,70,70,21.7,39,22.7,green,yellow/gray,+,-,-,0,0,,fiesty,,+,+,-,,,-,0,+?,,,15,27.5,8,5,0.625,20,0.42857143,0,,,,,,
3,Windmill Dam,0, 3 Apr 87,,purple,572,red,195,adult,3000,751,293,289,129,65,69,23.7,33.9,19.5,,,+,-,+,,,,,,-,-,-,,,-,0,,,,8,17,4,1,0.25,200,0,0,,,,,,
3,Windmill Dam,0,15 Apr 87,5:05,purple,572,red,195,adult,2700,,,,,,,,,,,,,,,,1,,,,-,-,-,,,-,0,,,,11,13,,,,202,0.83333333,0,,,,,,
3,Windmill Dam,0, 3 Apr 87,,green,400,red,198,adult,3300,757,287,297,128,72,71,23,36.5,21.6,,,,,,0,1,,,,+,+,-,,,-,0,,,,8,19,4,1,0.25,204,0,0,,,,,,
6,Broken Wing,0, 9 Apr 87,,orange, 21,orange,20,adult,3250,726,323,320,143,78,67,25.55,40,22.65,olive yellow,bistre yellow,-,+,-,0,1,,,,-,+,-,,,-,1,,,,13,18.5,7,3,0.428571429,206,0,1,,,,,,
9,Mule Creek Junction,0,31 Mar 87,3:12,orange, 34,red,200,juv,2800,717,241,290,133,70,68,23.3,36,22.2,,,,,,,1,,,,-,+,-,,,-,0,,,,6.5,13,,,,209,0,0,,,,,,
2,North Lek,0,13 Mar 87,,blue,201,blue,202,adult,,790,316,295,135,70,71,24,35.7,21.9,,,,,,,,,pleasant,,-,-,-,,,,1,,,+,,,18,15,0.833333333,214,0.375,1,,,,,,
1,Long Lake,0,16 Mar 87, ,purple,504,blue,204,juv,2500,684,239,303,127,70,71,17,37.5,19.6,apple green,xxxx,,,,,,,,,-,+,-,,,,0,,,,,,,,,215,0,0,,,,,,
1,Long Lake,0,18 Mar 87,,blue,207,blue,206,adult,3300,743,300,288,129,72,73,24.1,36.8,21,xxxx,xxxx,+,-,+,,,,stressed out prior to release,,+,+,-,,,-,0,+?,,,,,,,,216,0,0,,,,,,
2,North Lek,0,28 Mar 87,,white,410,blue,209,juv,2500,,,,,,,,,,,,,,,,,,,,-,+,-,,,,0,,,+,,,,,,219,0,0,,,,,,
2,North Lek,0,27 Mar 87,,white,410,blue,209,juv,2750,720,230,290,137,69,72,21.4,39,22.1,yellow,,,,,,,yes,,,+,+,-,,,,0,,,+,,,,,,223,0,0,,,,,,
1,Long Lake,0, 5 Apr 87,,orange, 16,blue,214,adult,3800,774,309,316,135,71,68,25.1,38.85,23.95,apple green,chrome yellow,-,+,-,-,-,,,,-,+,-,,,-,0,+?,,,10,14,16,6,0.375,224,0.16666667,0,,,,,,
8,Mud Springs,0,11 Apr 87,4:05,blue,221,blue,215,adult,3200,695,328,311,146,71,67,21.9,40.4,22,olive yellow,bistre yellow,++,+,-,0,0,,,,,,,,,-,0,,,,12,16,,,,252,0.5,0,,,,,,
1,Long Lake,0, 5 Apr 87,,white,422,blue,216,adult,3000,710,292,320,146,70,77,24,36.3,22,xxxxx,xxxx,,,-,-,+,,,,-,+,-,,,-,1,,,,11,18.5,,,,256,0,1,,,,,,
7,Sybille Springs,0, 8 Apr 87,3:45,blue,220,blue,219,adult,3500,725,318,306,133,69,68,24.2,39.2,22.95,olive yellow,bistre yellow,+,+,-,0,1,,,,,,,,,-,0,,,,6.5,12.5,,,,259,0.5,0,,,,,,
8,Mud Springs,0,11 Apr 87,3:47,white,425,blue,223,adult,3000,720,300,300,128,64,65,25.7,38.2,22.7,olive yellow,bistre yellow,+,-,-,0,1,,,,,,,,,-,0,,,,7.5,11,,,,262,0,0,,,,,,
6,Broken Wing,0,10 Apr 87,2:51,red,124,blue,224,adult,3350,733,304,313,153,70,62,26.4,39.5,23.95,olive yellow,bistre yellow,-,-,-,0,0,,air sacs even color,,-,+,-,,,-,1,,,,3,12.5,6,1,0.166666667,263,0.25,1,,,,,,
2,North Lek,0,19 Apr 87,7:10,white,478,blue,252,adult,3050,763,280,296,132,70,68,23.2,37.7,21.1,yellow/green,yellow/green,+,+,-,0,0,,,,-,+,-,,,-,1,,,,10,17,2,1,0.5,264,0,1,,,,,,
1,Long Lake,0,18 Apr 87,7:15,purple,559,blue,256,?,2700,715,235,309,140,70,73,21.7,36.5,21.3,yellow,yellow,+,-,-,0,0,,fiesty,,-,+,-,,,-,0,+?,,,11,32.5,,,,267,0.5,0,,,,,,
4,South Fetterman,0,12 Apr 87,4:35,white,493,blue,259,adult,3400,790,310,326,139,65,71,23.5,37.7,22.5,green,yellow,+,+,-,0,0,,,,-,+,-,,,-,0,,,,12.5,19,4,2,0.5,268,0.25,0,,,,,,
4,South Fetterman,0,13 Apr 87,,orange, 89,blue,262,adult,3400,818,316,319,131,70,68,25.5,38.7,22.7,yellow,yellow,-,-,-,0,0,,,,-,+,-,,,-,0,,+,,9,15,,,,269,0.21428571,0,,,,,,
4,South Fetterman,0,17 Apr 87,2:15,orange, 89,blue,262,adult,2900,,,,,,,,,,,,,,,,,,,,-,+,-,,,-,0,,+,,7.5,21.5,,,,270,0,0,,,,,,
4,South Fetterman,0,12 Apr 87,3:35,blue,266,blue,263,adult,3400,785,345,308,140,69,70,23.1,35.4,21.4,yellow/green,yellow,-,-,-,0,1,,,,-,+,-,,,-,0,+?,+,,6,16.5,4,1,0.25,289,0.5,0,,,,,,
4,South Fetterman,0,17 Apr 87,3:42,blue,266,blue,263,adult,2800,,,,,,,,,,,,,,,,,,,,-,+,-,,,-,1,,,,7.5,24,,,,291,0,1,,,,,,
5,Cordingly,0,11 Apr 87,4:00,blue,265,blue,264,juv,2900,682,234,307,130,70,69,22.5,37.3,22.2,yellow/green,yellow/green,-,-,-,0,0,,,,-,+,-,,,-,1,+?,,,8,11.5,,,,292,0,1,,,,,,
8,Mud Springs,0, 9 Apr 87,7:20,red,192,blue,267,adult,3200,777,328,310,133,70,68,22.9,38.4,22.6,yellow green,yellow,-,+,+,0,0,,,,,,,,,-,0,,,,6.5,16,8,4,0.5,295,0,0,,,,,,
3,Windmill Dam,0, 3 Apr 87,,orange, 32,blue,268,adult,3300,770,300,301,130,66,68,21.7,38.4,22.7,,,,+,,,1,,,,-,+,-,,,-,0,,,+,10,20,4,1,0.25,296,0,0,,,,,,
1,Long Lake,0,10 Apr 87,5:00,red,191,blue,269,adult,3400,762,310,304,137,70,73,23.8,38.5,22.5,green,yellow/green,+,-,-,0,0,,,,-,+,-,,,-,0,,,,7,13,14,3,0.214285714,297,0.42857143,0,,,,,,
2,North Lek,0, 4 Apr 87,,green,399,blue,270,juv,2700,607,271,291,140,70,64,22.4,38.01,20.77,yellow,yellow/gray,-,+,-,,,,,,-,+,-,,,-,0,,,,8,18,,,,298,0.14285714,0,,,,,,
4,South Fetterman,0,17 Apr 87,4:25,red,149,blue,289,adult,2850,806,341,300,140,74,65,21.7,39.2,27.55,olive yellow,bistre yellow,-,-,-,0,1,,,,-,+,-,,,-,1,,+,,10,24.5,2,1,0.5,299,0.42857143,1,,,,,,
7,Sybille Springs,0,15 Apr 87,4:20,red,123,blue,291,juv,2300,633,247,293,138,70,71,21.65,37.6,24.8,yellow olive,bistre yellow,++,+,-,0,0,,sacsgray at edges,,,,,,,,0,+?,,+,,,,,,300,0.14285714,0,,,,,,
7,Sybille Springs,0,17 Apr 87,,orange, 25,blue,292,adult,3100,,,,,,,,,,,,,,,,0,,,,,,,,,-,0,+?,,+?,8,30,,,,301,0.22222222,0,,,,,,
7,Sybille Springs,0,15 Apr 87,5:20,orange, 25,blue,292,adult,3100,742,335,328,148,75,68,23.5,37.65,22.9,yellow olive,bistre yellow,+,+,-,0,0,,even sac color,,,,,,,,1,+?,,+?,,,,,,304,0,1,,,,,,
7,Sybille Springs,0,17 Apr 87,5:46,purple,597,blue,295,adult,3100,,,,,,,,,,,,,,,,0,yes,,,,,,,,,1,,,,,,,,,307,0.14285714,1,,,,,,
7,Sybille Springs,0,15 Apr 87,4:55,purple,597,blue,295,adult,3100,721,339,321,128,72,68,22.97,40.4,20.7,yellow olive,bistre yellow,-,+,-,0,0,,even sac color,,,,,,,,0,,,,,,,,,311,0,0,,,,,,
7,Sybille Springs,0,15 Apr 87,4:39,green,345,blue,296,juv,2600,569,219,307,130,72,68,24.8,38.75,22.4,olive yellow,bistre yellow,++,+,-,0,3,,,,,,,,,,0,,,,,,,,,312,0.71428571,0,,,,,,
8,Mud Springs,0,12 Apr 87,5:50,purple,600,blue,297,juv,3000,660,270,307,135,70,69,22.1,39.4,22.1,yellow olive,bistre yellow,+,+,-,0,5,yes,,,,,,,,,0,,,,,,7,3,0.428571429,313,0,0,,,,,,
8,Mud Springs,0,12 Apr 87,,orange, 13,blue,298,adult,3200,730,231,313,127,71,68,25.65,36.75,23.6,olive green,bistre yellow,+,+,+,0,4,,blood under left wing,,,,,,,-,0,,,,9.5,14.5,7,1,0.142857143,314,0.28571429,0,,,,,,
7,Sybille Springs,0,15 Apr 87,3:47,white,417,blue,299,adult,3000,780,338,325,127,71,61,25.45,41.4,25.15,olive yellow,bistre yellow,-,+,+,0,0,,,,,,,,,,1,+?,,+?,,,7,3,0.428571429,316,0.14285714,1,,,,,,
8,Mud Springs,0,12 Apr 87,,green,350,blue,300,adult,3200,697,325,311,129,75,66,25.5,39.9,22.3,olive yellow,bistre yellow,-,+,-,0,0,,,,,,,,,,0,,,,,,7,1,0.142857143,322,0,0,,,,,,
2,North Lek,0,19 Apr 87,7:30,green,302,green,301,adult,3000,,,,,,,,,,,,,,,0,0,,,,-,+,-,,,-,0,,,,10.5,21.5,18,4,0.222222222,323,0,0,,,,,,
2,North Lek,0,13 Mar 87,,green,302,green,301,adult,3400,790,303,312,121,70,71,20.7,36.6,21.7,,,,,,,,,fiesty,,-,-,-,,,,1,,,,,,,,,324,0,1,,,,,,
1,Long Lake,0,18 Mar 87,,green,305,green,304,juv,2400,703,248,310,129,68,73,20.3,36.1,21.1,xxxxx,xxxx,-,-,,-,-,,gray tongue,,+,+,-,,,-,0,+?,,,,,,,,325,0.63157895,0,,,,,,
6,Broken Wing,0, 5 Apr 87,,white,448,green,307,adult,3100,767,300,318,129,70,70,22.3,37.5,21.5,,,,,,0,0,,,,+,+,-,,,-,0,+?,,+,6,16,7,1,0.142857143,349,0,0,,,,,,
6,Broken Wing,0, 7 Apr 87,,,,green,311,adult,3350,730,331,314,152,75,61,25.15,36.9,22.75,yellow olive,bistre yellow,-,+,-,,,,,"bad sore, left wing",-,+,-,,,-,0,,,,8.5,16,,,,388,0,0,,,,,,
6,Broken Wing,0,14 Apr 87,4:45,blue,217,green,312,adult,3150,,,,,,,,,,,,-,++,-,0,0,,left sac covered hematomas,,-,+,-,,,-,0,,,,10,24.5,7,5,0.714285714,392,0.66666667,0,,,,,,
6,Broken Wing,0, 7 Apr 87,,blue,217,green,312,adult,3500,748,285,311,120,76,74,26.8,36.9,21.05,yellow olive,bistre yellow,-,++,-,,,,,,-,+,-,,,-,1,,,,12,23.5,,,,393,0.14285714,1,,,,,,
6,Broken Wing,0, 7 Apr 87,,orange, 17,green,313,adult,3400,820,332,306,141,72,70,23.6,39.95,22.05,yellow olive,bistre yellow,-,-,-,,,,,,-,+,-,,,-,0,,,,8,13.5,,,,394,0,0,,,,,,
6,Broken Wing,0, 9 Apr 87,4:05,green,315,green,314,adult,3350,788,317,325,146,72,76,25.9,39.95,22.55,yellow olive,bistre yellow,+,-,-,0,0,,,,-,+,-,,,-,0,,,,9.5,18,7,2,0.285714286,398,0.73333333,0,,,,,,
8,Mud Springs,0,11 Apr 87,4:20,green,312,green,316,adult,3200,650,309,316,126,67,61,26.1,37.6,23.8,greenish yellow,bistre yellow,-,-,-,0,0,,,,,,,,,-,0,+?,,,8,13.5,7,1,0.142857143,4,0,0,,,,,,
1,Long Lake,0, 2 Apr 87, ,orange, 14,green,322,adult,2900,696,294,307,145,65,72,23.5,37.6,23.4,xxxxx,xxxx,-,+,-,-,-,,fiesty,,-,+,-,,,-,0,,,,,,,,,401,0.61111111,0,,,,,,
7,Sybille Springs,0, 1 Apr 87,,red,119,green,323,adult,2850,687,230,315,110,64,69,25.3,38.8,26.1,apple green,bright yellow,-,+,-,,,,,,-,+,-,,,-,0,,,,18,32.5,,,,404,0.05,0,,,,,,
1,Long Lake,0,19 Mar 87,,blue,213,green,324,adult,3250,826,355,318,141,73,65,22,36.8,24.1,yellowish/green,xxxx,+,+,++,+,-,,"growth,rt tarsus, deformed ft",,+,+,-,,,-,0,+?,,,,,,,,405,0.5,0,,,,,,
1,Long Lake,0,18 Apr 87,4:40,white,419,green,325,adult,3100,,,,,,,,,,,,,+,,,6,,,,+,+,-,,,-,0,,,+,9,22,,,,407,0.05,0,,,,,,
1,Long Lake,0,19 Mar 87,,white,419,green,325,adult,3300,733,288,310,123,63,69,22.3,37.4,21.9,green,bistre-yellow,+,+,+,-,+,,nice guy,,++,+,-,,,-,0,,,+,,,19,12,0.631578947,408,0.15,0,,,,,,
8,Mud Springs,0,12 Apr 87,,purple,593,green,349,adult,3500,790,351,310,140,69,66,25.15,41,25.6,yellow olive,bistre yellow,-,-,-,,,,,,,,,,,-,0,,,,7.5,10.5,,,,411,0,0,,,,,,
2,North Lek,0,19 Apr 87,7:30,white,481,green,388,juv,2700,715,234,287,131,69,69,24.5,38.5,21.4,green,yellow,+,+,-,0,0,,,,-,+,-,,,-,1,,,,8.5,19,,,,414,0.2,1,,,,,,
5,Cordingly,0,16 Apr 87,4:40,green,396,green,392,adult,3000,,,,,,,,,,,,,,,,9,,,,-,+,-,,,-,0,,,,10,26,,,,415,0.2,0,,,,,,
5,Cordingly,0, 8 Apr 87,3:30,green,396,green,392,adult,3000,810,320,325,133,71,73,22.4,38.5,22.1,green,yellow,-,+,-,0,7,,,,-,+,-,,,-,1,,,,5.5,10,3,2,0.666666667,416,0,1,,,,,,
5,Cordingly,0,19 Apr 87,0:15,green,396,green,392,adult,2900,,,,,,,,,,,,,,,,93,,,,-,+,-,,,-,0,,,,11,21,,,,418,0.71428571,0,,,,,,
1,Long Lake,0,10 Apr 87,7:30,purple,562,green,393,adult,2950,690,240,312,131,71,72,19.5,39.1,21.5,yellow/green,yellow,+,+,-,0,0,yes,,,-,+,-,,,-,0,+?,,+,9,13.5,14,2,0.142857143,421,0.16666667,0,,,,,,
4,South Fetterman,0,12 Apr 87,5:00,green,395,green,394,adult,3100,675,239,306,133,69,70,23.5,38.5,21.8,yellow/green,greyish yellow,+,++,-,0,0,,,,-,+,-,,,-,1,,,,11,15,,,,442,0,1,,,,,,
2,North Lek,0, 4 Apr 87,,purple,573,green,398,adult,3400,751,329,309,150,72,65,27.36,39.96,20.88,yellow/green,bright yellow,-,+,-,,,,,,-,+,-,,,-,1,,+,,4,22,15,11,0.733333333,479,0,1,,,,,,
1,Long Lake,0,16 Mar 87,,purple,503,orange,4,adult,3500,780,319,312,132,71,73,22.6,37,21.5,,,-,+,,,many,,,,-,+,-,,,,0,,,,,,,,,480,0,0,,,,,,
2,North Lek,0,14 Mar 87,,white,402,white,401,adult,3400,771,307,304,135,70,72,21.4,37.7,20.6,,,,,,,,,,,-,-,-,,,,1,,,+,,,18,11,0.611111111,482,0,1,,,,,,
1,Long Lake,0,16 Mar 87,,orange,6,white,404,adult,3400,795,304,319,127,68,74,21.3,37.5,21.4,greenish/yellow,,,+,,,,,,,-,-,-,,,,1,,,,,,20,1,0.05,483,0.16666667,1,,,,,,
1,Long Lake,0,16 Mar 87,,blue,205,white,405,adult,3300,805,340,328,135,71,74,20.4,39.2,22.2,green,xxxx,,+,,+,+,,,,-,-,-,,,,0,,,,,,20,10,0.5,484,0,0,,,,,,
1,Long Lake,0,16 Mar 87,,red,104,white,407,adult,3300,785,314,316,133,71,72,23.9,38.8,22.8,xxxx,xxxx,,+,,,+,,,,-,+,-,,,,0,,,,,,20,1,0.05,487,0,0,,,,,,
1,Long Lake,0,18 Mar 87,,white,409,white,408,adult,3600,785,284,312,135,71,77,23.1,38.3,21.8,brilliant yellow,xxxx,-,+,,-,+,,,,-,+,-,,,-,0,,,,,,20,3,0.15,489,0.2,0,,,,,,
8,Mud Springs,0,11 Apr 87,4:35,red,116,white,411,juv,3000,700,269,296,128,66,70,24.8,39.45,23.55,lemon,bistre yellow,+++,+,-,0,0,,,,,,,,,-,0,,,,11.5,15,,,,495,0.5,0,,,,,,
6,Broken Wing,0,14 Apr 87,4:17,blue,294,white,414,adult,3500,781,331,295,135,74,68,22.8,38.75,24.65,olive yellow,bistre yellow,-,-,-,0,0,,,,-,+,-,,,-,1,+?,,,9,27,5,1,0.2,498,0,1,,,,,,
6,Broken Wing,0,14 Apr 87,4:50,green,348,white,415,adult,3100,892,312,313,141,72,70,22.75,37.35,24.05,yellow olive,bistre yellow,+,+,-,0,2,,,,-,+,-,,,-,1,,,,12,21.5,5,1,0.2,506,0,1,,,,,,
7,Sybille Springs,0,16 Apr 87,3:51,red,141,white,416,juv,2750,543,256,315,127,71,70,25.3,38.3,23.2,olive yel-yel olive,bistre yellow,+,++,+,0,0,,,,,,,,,-,0,+?,+,,8,23.5,,,,508,0,0,,,,,,
6,Broken Wing,0, 9 Apr 87,3:45,white,423,white ,418,adult,3150,744,311,304,136,69,66,23.3,38.9,20.9,olive yellow,bistre yellow,+,-,-,0,0,,,,-,+,-,,,-,0,,,,8.5,14.5,7,5,0.714285714,513,0.57142857,0,,,,,,
1,Long Lake,0, 2 Apr 87,,green,321,white,421,juv,2550,674,238,318,131,70,68,23.6,37.6,21.95,apple green,xxxx,+,+,-,-,-,,,,-,+,-,,,-,0,,,,,,18,3,0.166666667,516,0,0,,,,,,
8,Mud Springs,0,26 Apr 87,6:57,orange, 79,white,442,adult,2800,690,310,325,130,70,65,25.4,41.1,23.8,olive yellow,bistre yellow,-,+,-,0,2,,,,,,,,,,0,+?,,,,,,,,519,0.71428571,0,,,,,,
2,North Lek,0,19 Apr 87,,blue,251,white,479,juv,2800,732,231,309,125,70,72,23.3,38.9,21,yellow/green,golden yellow,+,+,-,0,0,mild,,,-,+,-,,,-,0,+?,,,12,20,,,,523,0.71428571,0,,,,,,
2,North Lek,0,19 Apr 87,7:50,red,181,white,480,juv,2600,700,216,299,132,71,65,21,36.7,23.7,yellow,yellow,+,-,-,0,0,,,,-,+,-,,,-,0,,+,,13,24,,,,560,0,0,,,,,,
2,North Lek,0,19 Apr 87,8:15,green,390,white,482,juv,3100,730,239,304,132,70,71,21.4,37.6,22.1,yellow/green,yellow,+,+,-,0,0,,,,-,+,-,,,-,0,,,,9.5,20.5,,,,563,0,0,,,,,,
7,Sybille Springs,0,17 Apr 87,,orange, 99,white,483,juv,2800,740,261,305,133,72,72,20.4,38.2,21.5,yellow/green,yellow,-,+,-,0,0,yes,,,,,,,,-,0,+?,,+,16.5,31,6,1,0.166666667,564,0,0,,,,,,
8,Mud Springs,0,14 Apr 87,4:15,orange, 98,white,484,adult,3550,811,327,304,139,71,72,23.1,40.3,21.7,yellow,yellow,-,-,-,0,1,,,,,,,,,,1,,,,,,,,,565,0,1,,,,,,
7,Sybille Springs,0,17 Apr 87,5:15,white,488,white,487,adult,3300,812,307,310,131,70,72,21.9,37.9,20.8,green,yellow green,-,-,-,0,1,,,,,,,,,-,1,,+,,12.5,23,,,,566,0.21428571,1,,,,,,
8,Mud Springs,0,14 Apr 87,4:00,blue,258,white,489,adult,3400,778,309,307,133,71,71,22.8,38.7,21.6,brilliant yellow,yellow green,-,-,-,0,0,,,,,,,,,,1,+?,+,,,,5,1,0.2,567,0.33333333,1,,,,,,
4,South Fetterman,0,12 Apr 87,4:00,white,496,white,495,adult,3300,705,238,308,134,70,71,20.8,38,21.9,yellow,yellow,-,-,-,0,0,,,,-,+,-,,,-,0,,,,8,11.5,4,2,0.5,568,0,0,,,,,,
5,Cordingly,0,11 Apr 87,4:15,white,499,white,498,adult,3450,772,304,308,137,69,71,24.8,38.8,21.5,green,green,-,+,-,0,0,,nasty gash on head,,-,-,-,,,-,0,+?,,+,8,17.5,,,,570,0,0,,,,,,
1,Long Lake,0,19 Mar 87,,green,306,purple,506,juv,2900,710,252,310,134,70,73,20.8,37.7,22.5,xxxxx,xxxx,-,-,,-,-,,,,+,+,-,,,-,1,+?,,,,,,,,571,0.5,1,,,,,,
1,Long Lake,0,18 Mar 87,,purple,509,purple,508,adult,3500,790,314,308,127,71,75,23.7,38.2,21.5,xxxxx,xxxx,-,++,,-,++,,,,+,+,-,,,-,0,,,,,,,,,574,0,0,,,,,,
8,Mud Springs,0,11 Apr 87,3:19,blue,225,purple,513,adult,3200,721,323,313,126,75,69,23.2,39.4,24.1,greenish yellow,chrome yellow,+,-,-,0,1,,,,,,,,,-,1,,,,10,13.5,7,4,0.571428571,583,0,1,,,,,,
6,Broken Wing,0, 6 Apr 87,,orange, 15,purple,516,adult,3450,709,284,317,121,70,69,26.2,38.1,23.95,yellow olive,chrome yellow,-,+,-,,,,"gash on rt breast, bleeding",,-,+,-,,,-,0,,,,4,6.5,,,,584,0.16666667,0,,,,,,
6,Broken Wing,0,14 Apr 87,5:35,green,320,purple,519,adult,3250,,,,,,,,,,,,-,+,-,0,0,,,,-,+,-,,,-,1,,,,12.5,24,7,5,0.714285714,591,0.42857143,1,,,,,,
6,Broken Wing,0, 6 Apr 87,     ,green,320,purple,519,adult,3650,746,314,300,135,71,77,23.5,39.9,24.75,olive yellow,bistre yellow,+,+,-,    ,    ,,,,-,+,-,,,-,1,,,,8,11,,,,596,0,1,,,,,,
6,Broken Wing,0, 9 Apr 87,4:25,purple,524,purple,523,adult,3500,721,286,302,160,71,68,24.2,39,22.45,olive yellow,bistre yellow,+,+,-,0,0,,,,-,+,-,,,-,1,,,,9,12.5,7,5,0.714285714,598,0.57142857,1,,,,,,
4,South Fetterman,0,13 Apr 87,,purple,561,purple,560,adult,3400,810,341,315,139,70,69,23.2,35.9,21.1,yellow,golden yellow,-,-,+,0,1,,,,,,-,,,-,0,,,,9,13.5,,,,9,0,0,,,,,,
1,Long Lake,0,10 Apr 87,5:55,red,193,purple,563,adult,3200,760,306,307,127,70,72,24.6,38.1,22.2,yellow,yellow,-,-,-,0,0,,,,-,+,-,,,-,0,,,,11,18.5,,,,501,0.77777778,0,,,,,,
1,Long Lake,0,10 Apr 87,7:10,white,500,purple,564,juv,3000,700,240,315,133,70,74,21.1,35.5,21.5,yellow,yellow,-,-,-,0,0,yes,,,-,+,-,,,-,0,,,,10.5,16,,,,522,0.75,0,,,,,,
1,Long Lake,0,10 Apr 87,6:43,orange, 92,purple,565,adult,3300,779,308,318,131,70,71,22,39.1,22.6,yellow,yellow,+,+,-,0,0,,"stressed out,release, got up",,-,+,-,,,-,0,+?,+,+,9.5,13.5,,,,444,0.125,0,,,,,,
1,Long Lake,0,10 Apr 87,5:25,blue,274,purple,566,adult,3300,764,305,310,131,69,71,23.9,37.5,22.4,green,yellow/green,-,-,-,0,0,,,,-,+,-,,,-,0,+?,+,,3.5,13,14,3,0.214285714,406,0.45,0,,,,,,
5,Cordingly,0, 8 apr 87,3:45,purple,575,purple,567,adult,3300,770,330,302,126,70,72,24,40.2,21.8,green,yellow,-,+,+,0,4,,,,-,+,-,,,-,0,+?,,,4.5,14,3,1,0.333333333,344,0.85714286,0,,,,,,
3,Windmill Dam,0, 5 Apr 87,,white,449,purple,568,adult,3400,762,301,302,126,69,70,24.5,39.6,22.2,,,,,,,9,,,,-,+,-,,,-,0,,,,7.5,12,,,,273,0.93333333,0,,,,,,
3,Windmill Dam,0, 5 Apr 87,,red,194,purple,570,adult,3600,781,302,315,124,72,69,25.2,38.4,22,green,,+,,,,16,,,,+,+,-,,,-,0,,,,8,14.5,,,,183,0.25,0,,,,,,
3,Windmill Dam,0, 5 Apr 87,,blue,271,purple,571,adult,3400,800,306,308,128,68,71,21.5,39.5,20.9,green,,+,+,,0,0,,,,+,+,-,,,-,0,+?,,,5.5,13.5,4,2,0.5,  5,0.4,0,,,,,,
2,North Lek,0, 4 Apr 87,,green,397,purple,574,juv,2600,685,266,303,135,67,65,21.71,38.78,20.25,yellow,yellow,-,+,-,,,,,,-,+,-,,,-,36,,,,10,19,,,,,,,,,,,,
7,Sybille Springs,0,16 Apr 87,3:30,blue,280,purple,583,adult,3100,740,291,296,145,72,66,21.1,41.4,23.85,olive yellow,bistre yellow,-,+,-,0,1,,hole in rt air sac,,,,,,,-,,+?,+?,+,11,21.5,,,,,,,,,,,,
7,Sybille Springs,0,17 Apr 87,5:00,blue,280,purple,583,adult,3300,,,,,,,,,,,,,,,,,,,,,,,,,-,,+?,,+,8,20.5,,,,,,,,,,,,
7,Sybille Springs,0,16 Apr 87,3:06,red,136,purple,584,adult,2700,715,278,305,145,72,67,23.05,40.35,23.05,olive yellow,bistre yellow,+,+,-,0,0,,,,,,,,,-,,,,,11,22,6,1,0.166666667,,,,,,,,,
7,Sybille Springs,0,15 Apr 87,6:03,green,343,purple,591,adult,3000,748,305,323,144,74,65,24.25,39.75,25.6,olive yellow,bistre yellow,-,-,-,0,0,yes,,,,,,,,,,+?,,,,,7,3,0.428571429,,,,,,,,,
8,Mud Springs,0,12 Apr 87,4:05,purple,599,purple,596,adult,3100,734,296,313,132,70,69,23.9,40.95,25.7,olive yellow,chrome yellow,+,+,-,0,0,,,,,,,,,-,,+?,,+,7,14,,,,,,,,,,,,
7,Sybille Springs,0,15 Apr 87,5:45,orange, 23,purple,598,adult,2800,710,331,308,127,68,65,21.95,40,21.1,olive yellow,bistre yellow,-,-,-,0,0,,,,,,,,,,,+?,,,,,7,4,0.571428571,,,,,,,,,
1,Long Lake,0,10 Mar 87,,orange,10,orange,9,adult,3500,785,310,310,150,75,72,25.5,39.4,20.3,xxxx,xxxx,,,,,,,,,-,-,-,,,,,,,,,,,,,,,,,,,,,
0,,,,,,,,,,,,,,,,,,,,,,,,,,,,,,,,,,,,,0,,,,AVG PROP DAYS ON LEK,S ON LEK,,0.362708052,,,,,,,,,
BREEDING MALES,,,,,,,,,,,,,,,,,,,,,,,,,,,,,,,,,,,,,,,,,,,,,,,,,,,,,
,,,,,,,,,,,,,,,,,,,,,,,,,,,,,,,,,,,,,,,,,,,,,,,,,,,,,
2,North Lek,1,14 Mar 87,,purple,502,purple,501,adult,3600,770,330,320,135,70,71,23.7,38,20.8,,,,,,,,,,,-,-,-,,,,,,,,,,18,14,0.777777778,,,,,,,,,
7,Sybille Springs,1, 8 Apr 87,4:07,purple,525,purple,522,adult,3350,765,327,309,138,66,67,23.25,38.6,23,yellow olive,greenish yellow,-,+,-,0,2,,,,,,,,,-,,,,,3,19.5,8,6,0.75,,,,,,,,,
1,Long Lake,1,16 Mar 87,,green,303,orange,5,adult,3200,760,295,314,136,71,71,24.7,38.8,21.5,brilliant yellow,,-,+,-,-,-,,lesion under left wing,,-,+,-,,,,,,,,,,,,,,,,,,,,,
8,Mud Springs,1, 9 Apr 87,5:00,white,447,white,444,adult,3400,730,292,316,131,71,73,24.8,37.4,21.7,green,yellow/green,+,-,-,0,0,,,,,,,,,-,,,,,8,13.5,8,1,0.125,,,,,,,,,
1,Long Lake,1,16 Mar 87,,purple,507,white,406,adult,3100,801,334,324,130,74,73,21.6,37.6,20.8,green,xxxx,,,,,,,,,-,+,-,,,-,,,,,,,20,9,0.45,,,,,,,,,
8,Mud Springs,1,12 Apr 87,6:20,white,413,green,344,adult,3100,740,332,301,125,75,65,23.3,38.6,24.75,olive yellow,bistre yellow,-,-,-,0,0,,even sac color,,,,,,,-,,,,,11,17,7,6,0.857142857,,,,,,,,,
2,North Lek,1, 4 Apr 87,,red,109,blue,273,adult,3200,750,325,299,136,67,65,25.66,36,17.45,yellow/green,yellow,-,+,-,,,,,,-,+,-,,,-,, ,, ,10.5,25,15,14,0.933333333,,,,,,,,,
1,Long Lake,1,18 Apr 87,4:50,green,389,red,183,adult,3100,770,273,309,135,69,71,27.2,41.4,21.8,yellow/green,yellow,+,-,-,0,0,,,,-,+,-,,,-,, ,, ,10,21.5,8,2,0.25,,,,,,,,,
1,Long Lake,1,10 Apr 87,5:25,green,303,orange,  5,adult,3150,,,,,,,,,,,,,,,,4,,,,-,+,-,,,-,,,,,7.5,12,20,8,0.4,,,,,,,,,
,,,,,,,,,,,,,,,,,,,,,,,,,,,,,,,,,,,,,,,,,,,,,,,,,,,,,
,,,,,,,,,,,,,,,,,,,,,,,,,,,,,,,,,,,,,,,,,,,,,,,,,,,,,
,,,,,,,,,,,,,,,,,,,,,,,,,,,,,,,,,,,,,,,,,AVG PROP DAYS ON LEK,,,0.567906746,,,,,,,,,
