"binder_pdf_scan_page","year","month","day","time_search_start_24h","time_search_end_24h","lek_name","observer","age","sex","capture_technique","left_tag_color","left_tag_number","left_tag_code","right_tag_color","right_tag_number","right_tag_code","wygf_leg_band","weight_bird_and_bag_g","weight_bag_g","bird_weight_g","total_length_mm","tail_length_mm","num_tail_feathers","head_length_mm","wing_length_mm","keel_length_mm","tarsus_length_mm","toe_length_mm","bill_length_mm","bill_depth_mm","comb_length_mm","comb_color","num_lice_on_comb","air_sac_color","num_lice_on_air_sac_left","num_lice_on_air_sac_right","total_num_lice_on_air_sacs","lice_back_of_head","hematomas_air_sacs","hematomas_air_sac_comments","hematomas_combs","hematomas_comb_comments","cut_feathers","collect","labelled","hematoma_group","hematomas_applied","samples_collected_blood","samples_collected_fecal","samples_collected_ectoparasites","existing_injuries","handling_injury","stresses_while_handling_describe","comments"
"1","1988","4","6","11:44",NA,"cordingly",NA,"adult","male",NA,"green","334","G334","white","475","W475",NA,NA,NA,"2.95","760","328","17",NA,"309","142","75","67","39.34","21.34","26.6","yellow olive","0","bistre yellow",NA,NA,"20","no","yes",NA,"no",NA,"yes","yes","yes",NA,NA,"yes","yes","yes","Right air sac - gash in center. Many hematomas",NA,NA,NA
"2","1988","4","11","3:20",NA,"cordingly",NA,"adult","male",NA,"orange","66","O66","purple","556","P556",NA,NA,NA,"3.4","709","292","16",NA,"317","134","72","76","41.45","20.5","26.1","olive yellow","0","bistre yellow",NA,NA,"1","no","yes",NA,"no",NA,"yes","yes","yes",NA,NA,"yes","yes","no",NA,NA,NA,NA
"3","1988","4","13","1:46",NA,"cordingly",NA,"adult","male",NA,"white","430","W430","red","178","R178",NA,NA,NA,"3.81","781","308","18",NA,"326","168","65","70","37.85","23.35","23.4","yellow olive","0","bistre yellow",NA,NA,"1","no","yes",NA,"no",NA,"yes","yes","yes",NA,NA,"yes","yes","no",NA,NA,NA,NA
"4","1988","4","13","9:45",NA,"cordingly",NA,"adult","male",NA,"orange",NA,"O","purple","556","P556",NA,NA,NA,"3.45",NA,NA,NA,NA,NA,NA,NA,NA,NA,NA,NA,NA,NA,NA,NA,NA,NA,NA,NA,NA,NA,NA,"no","no","no",NA,NA,"no","no","no",NA,NA,NA,"RECAPTURE"
"5","1988","4","14","12:25",NA,"cordingly",NA,"adult","male",NA,"blue","265","B265","blue","264","B264",NA,NA,NA,"3.05","750","304","18",NA,"324","141","70","65","39.55","22.6","20.35","olive yellow","0","bistre yellow",NA,NA,"5","no","no",NA,"yes",NA,"yes","yes","yes",NA,NA,"yes","yes","yes",NA,NA,NA,"RECAPTURE"
"6","1988","4","14","1:00",NA,"cordingly",NA,"adult","male",NA,"orange",NA,"O","purple",NA,"P",NA,NA,NA,"2.9",NA,NA,NA,NA,NA,NA,NA,NA,NA,NA,NA,NA,NA,NA,NA,NA,NA,NA,NA,NA,NA,NA,"no","no","no",NA,NA,"no","no","no",NA,NA,NA,"RECAPTURE"
"7","1988","4","15","0:15",NA,"cordingly",NA,"adult","male",NA,"orange","66","O66","purple",NA,"P",NA,NA,NA,"3.62874",NA,NA,NA,NA,NA,NA,NA,NA,NA,NA,NA,NA,NA,NA,NA,NA,NA,NA,NA,NA,NA,NA,"no","no","no",NA,NA,"no","no","no",NA,NA,NA,NA
"8","1988","4","6","11:25",NA,"cordingly",NA,"adult","female","nightlighting","green","351","G351","green","372","G372",NA,NA,NA,"1.55","557","209",NA,"67.65","261","104","59","56","28.88","18.9","16.4",NA,NA,NA,NA,NA,NA,"no",NA,NA,NA,NA,"yes","yes","yes",NA,NA,"yes","yes","yes",NA,NA,NA,NA
"9","1988","4","11","7:20",NA,"cordingly",NA,"adult","female",NA,"orange","53","O53","orange","54","O54",NA,NA,NA,"1.7","534","205",NA,NA,"268","96","59","61","34.88","19.6",NA,NA,NA,NA,NA,NA,NA,"no",NA,NA,NA,NA,"no","no","no",NA,NA,"no","no","no",NA,NA,NA,NA
"10","1988","4","11","7:35",NA,"cordingly",NA,"juven","female",NA,"purple","529","P529","purple","526","P526",NA,NA,NA,"1.7","536","200",NA,NA,"256","103","52","54","32.9","18.35",NA,NA,NA,NA,NA,NA,NA,"no",NA,NA,NA,NA,"yes","yes","yes",NA,NA,"yes","yes","yes",NA,NA,NA,NA
"11","1988","4","15","0:48",NA,"cordingly",NA,"adult","female",NA,"orange","69","O69","purple","557","P557",NA,NA,NA,"2.63084","550","105",NA,NA,"272","138","56","55","33","18.35",NA,NA,NA,NA,NA,NA,NA,"no",NA,NA,NA,NA,"yes","yes","yes",NA,NA,"yes","yes","no",NA,NA,NA,NA
"1","1988","4","18","5:00",NA,"red_post",NA,"adult","male",NA,"green","1029","G1029","green","1032","G1032",NA,NA,NA,"3.05","675","305","18",NA,"304","169","65","70","38.5","21.65","30.55","yellow olive",NA,"bistre yellow",NA,NA,NA,"no","yes",NA,"no",NA,"yes","yes","yes",NA,NA,"yes","no","no",NA,NA,NA,"Scratches from fights on left air sac "
"2","1988","4","19","12:44",NA,"red_post",NA,"adult","male",NA,NA,NA,"",NA,NA,"",NA,NA,NA,NA,NA,NA,NA,NA,NA,NA,NA,NA,NA,NA,NA,NA,NA,NA,NA,NA,NA,NA,NA,NA,NA,NA,"no","no","no",NA,NA,"no","yes","no",NA,NA,NA,"RECAPTURE. Caught last night w/Pat. No measurments taken or blood, feces sample. Fecal sample found on ground where roosting"
"3","1988","4","19","1:16",NA,"red_post",NA,"adult","male",NA,"green","1036","G1036","orange","733","O733",NA,NA,NA,"3.1","690","305","14",NA,"305","135","68","67.5","40","22","27.2","olive yellow",NA,"bistre yellow (exc cond.)",NA,NA,NA,"no","no",NA,"no",NA,"yes","yes","yes",NA,NA,"yes","no","no",NA,NA,NA,"No blood data"
"4","1988","4","19","1:38",NA,"red_post",NA,"adult","male",NA,"green","1039","G1039","blue","968","B968",NA,NA,NA,"3.2","705","282.5","17",NA,"297.5","145","65","70","37.8","19.5","26.9","olive yellow",NA,"olive yellow",NA,NA,NA,"no","yes",NA,"no",NA,"no","no","no",NA,NA,"no","no","no","Cut or scratch no hematomas from lice (however there is some reddishness to the skin)",NA,NA,NA
"5","1988","4","19","2:02",NA,"red_post",NA,"adult","male",NA,"yellow","1179","Y1179","blue","952","B952",NA,NA,NA,"3.3","720","295","20",NA,"292","140","70","72.5","39","21.5","26.25","olive yellow",NA,"bistre yellow",NA,NA,"1","no","yes",NA,"no",NA,"yes","yes","yes",NA,NA,"yes","yes","no",NA,NA,NA,"No blood data"
"1","1988","3","30","6:22",NA,"long_lake",NA,"adult","male",NA,"orange","74","O74","orange","75","O75",NA,NA,NA,"3.3","798","313","15",NA,"312","138","69","74","40.6","23.4","26.4","olive yellow","0","olive yellow",NA,NA,"0","no","no",NA,"yes",NA,"yes","yes","yes",NA,NA,"yes","yes","no",NA,NA,NA,NA
"2","1988","3","30","7:00",NA,"long_lake",NA,"adult","male",NA,"orange","73","O73","green","387","G387",NA,NA,NA,"3.35","795","299","18",NA,"314","130","62","67","39.8","21.5","24.5","green yellow","0","bistre yellow",NA,NA,"0","no","no",NA,"yes",NA,"yes","yes","yes",NA,NA,"yes","yes","no",NA,NA,NA,NA
"3","1988","3","30","6:55",NA,"long_lake",NA,"adult","male",NA,"purple","577","P577","blue","286","B286",NA,NA,NA,"2.95","715","277","15",NA,"319","132","62","70","38.8","23.5","24.5","olive yellow","0","olive yellow",NA,NA,"Yes","yes","yes",NA,"yes",NA,"yes","yes","yes",NA,NA,"yes","yes","yes",NA,NA,NA,NA
"4","1988","3","30","6:28",NA,"long_lake",NA,"adult","male",NA,"green","375","G375","blue","281","B281",NA,NA,NA,"2.76","736","274","16",NA,"312","144","70","68","38.5","23.7","25.2","bistre yellow","0","bistre yellow",NA,NA,"0","yes","yes",NA,"yes",NA,"yes","yes","yes",NA,NA,"yes","yes","yes",NA,NA,NA,NA
"5","1988","4","5","22:25",NA,"long_lake",NA,"adult","male",NA,"green","303","G303","orange","5","O5",NA,NA,NA,"3.35",NA,NA,NA,NA,NA,NA,NA,NA,NA,NA,NA,NA,NA,NA,NA,NA,NA,NA,NA,NA,NA,NA,"yes","no","no",NA,NA,"yes","yes","no",NA,NA,NA,"RECAP"
"6","1988","4","6","9:45",NA,"long_lake",NA,"adult","male",NA,"yellow",NA,"Y","orange","72","O72",NA,NA,NA,"3.2","673.1","311.15",NA,NA,"336.55","155.575","76.2","82.55","39.6","17.5","24.5","bistre yellow","0","olive yellow",NA,NA,"13","no","yes",NA,"no",NA,"no","no","no",NA,NA,"yes","no","no",NA,NA,NA,NA
"7","1988","4","7","6:40",NA,"long_lake",NA,"adult","male",NA,"yellow",NA,"Y","red","172","R172",NA,NA,NA,"3.49266","725","296","17",NA,"316","139","69","73","40.6","22.9","25","olive yellow","0","green yellow",NA,NA,"0","no","yes",NA,"no",NA,"yes","yes","yes",NA,NA,"yes","no","no",NA,NA,NA,NA
"8","1988","4","7","7:00",NA,"long_lake",NA,"adult","male",NA,"orange","92","O92","purple","565","P565",NA,NA,NA,"3.49266",NA,NA,"17",NA,NA,NA,NA,NA,NA,NA,NA,NA,NA,"greenish yellow ",NA,NA,"0",NA,"no",NA,NA,NA,"yes","yes","yes",NA,NA,"yes","no","no",NA,NA,NA,"RECAP 87"
"9","1988","4","7","8:15",NA,"long_lake",NA,NA,"male",NA,"yellow",NA,"Y","green","321","G321",NA,NA,NA,"3.40194","785","331","17",NA,"319","135","70","69","35.8","16.7","24.6","olive yellow","0","olive yellow",NA,NA,"0","no","yes",NA,"yes",NA,"no","no","no",NA,NA,"no","no","no",NA,NA,NA,NA
"10","1988","4","7","8:35",NA,"long_lake",NA,"adult","male",NA,"yellow",NA,"Y","blue","247","B247",NA,NA,NA,"3.4473","775","301","18",NA,"32.3","136","69","68","37.4","22.1","23.9","olive yellow","0","bistre yellow",NA,NA,"0","no","no",NA,"no",NA,"no","no","no",NA,NA,"no","no","no",NA,NA,NA,NA
"11","1988","4","8","11:10",NA,"long_lake","Ken Koeppen","adult","male",NA,"green","355","G355","green","328","G328",NA,NA,NA,"3","756","330","19",NA,"309","146","69","65","37.15","21.68","22","olive yellow","0","bistre yellow",NA,NA,"0","no","yes",NA,"no",NA,"no","no","no",NA,NA,"no","no","no",NA,NA,NA,NA
"12","1988","4","8","11:50",NA,"long_lake",NA,"juven","male",NA,"red","150","R150","white","471","W471",NA,NA,NA,"2.8","694","246","18",NA,"308","138","70","69","41.6","22.4","20.7","yellow olive","0","bistre yellow",NA,NA,"0","no","yes",NA,"yes",NA,"no","no","no",NA,NA,"no","no","no",NA,NA,NA,NA
"13","1988","4","8","11:35",NA,"long_lake",NA,"adult","male",NA,"white","470","W470","orange","31","O31",NA,NA,NA,"3.3","750","342","19",NA,"319","134","65","56","40.3","21.9","25.66","olive yellow","0","bistre yellow",NA,NA,"0","yes","yes",NA,"no",NA,"no","no","no",NA,NA,"no","no","no",NA,NA,NA,NA
"14","1988","4","9","11:48",NA,"long_lake",NA,"adult","male",NA,"white","438","W438","blue","248","B248",NA,NA,NA,"3.3","675","201","13",NA,"375","135","70","63","33.1","18.55","30.25","bistre yellow","0","bistre yellow",NA,NA,NA,"no","yes",NA,"yes",NA,"yes","yes","yes",NA,NA,"yes","yes","no",NA,NA,NA,"Lice on air sac, but no number indicated, so replaced with NA"
"15","1988","4","9","11:22",NA,"long_lake",NA,"adult","male",NA,"white","441","W441","purple","552","P552",NA,"3.4",NA,NA,"719","282","16",NA,"382","121","71","73","39.055","20.9","30","olive yellow ","0","olive yellow",NA,NA,"0","no","yes",NA,"no",NA,"yes","yes","yes",NA,NA,"yes","yes","yes","feathers worn - very beat up ",NA,NA,NA
"16","1988","4","9","4:10",NA,"long_lake",NA,"adult","male",NA,"green","355","G355","green","328","G328",NA,NA,NA,"3.3","745","223","20",NA,"311","132","72","71","37.6","22.1","21.2","olive yellow","0","olive yellow",NA,NA,"0",NA,"yes",NA,"no",NA,"no","no","no",NA,NA,"yes","yes","no",NA,NA,NA,"RECAP"
"17","1988","4","9","4:20",NA,"long_lake",NA,"adult","male",NA,"green","378","G378","yellow",NA,"Y",NA,NA,NA,"3.3","730","276","18",NA,"312","134","71","71","32","22.7","22.5","dull yellow green","0","bistre yellow",NA,NA,"0","no","no",NA,"no",NA,"yes","yes","yes",NA,NA,"yes","yes","no",NA,NA,NA,NA
"18","1988","4","11",NA,NA,"long_lake",NA,"adult","male",NA,"yellow","1163","Y1163","red","865","R865",NA,NA,NA,"3","625","250",NA,NA,"290","135","70","67.5","39.5","20.5","27","bistre yellow","0","bistre yellow",NA,NA,"0","no","yes",NA,"no",NA,"yes","yes","yes",NA,NA,"yes","no","no",NA,NA,NA,NA
"19","1988","4","11",NA,NA,"long_lake",NA,NA,"male",NA,"yellow","1173","Y1173","green","1044","G1044",NA,NA,NA,NA,"520",NA,"24",NA,"305","140","70","65","40","19.5","25.3","olive yellow","0","bistre yellow",NA,NA,NA,"no","yes",NA,"yes",NA,"yes","yes","yes",NA,NA,"yes","no","no",NA,NA,NA,"Lice on air sac, but no number indicated, so replaced with NA"
"20","1988","4","16","8:49",NA,"long_lake",NA,"adult","male",NA,"red","193","R193","purple","563","P563",NA,NA,NA,"2.95","710","320","20",NA,"300","145","70","65","39.1","20","26.2","olive yellow","0","bistre yellow",NA,NA,"0","no","yes",NA,"no",NA,"yes","yes","yes",NA,NA,"no","yes","no","Couldn't take blood because of sores under wings",NA,NA,"RECAP 87"
"21","1988","4","16","9:26",NA,"long_lake",NA,NA,"male",NA,"red","859","R859","yellow","1171","Y1171",NA,NA,NA,"2.95","700","315","11","77.5","310","152.5","67.6","65","39.9","21","26.5","yellow olive","0","bistre yellow",NA,NA,"0","no","no",NA,"yes",NA,"yes","yes","yes",NA,NA,"yes","no","no",NA,NA,NA,NA
"22","1988","4","20","4:02",NA,"long_lake",NA,"adult","male",NA,NA,NA,"",NA,NA,"",NA,NA,NA,"3.515341",NA,NA,NA,NA,NA,NA,NA,NA,NA,NA,NA,NA,NA,NA,NA,NA,NA,NA,NA,NA,NA,NA,"no","no","no",NA,NA,"no","no","no","Very bloody, maybe airsac puntured?? did not process. Maybe internal (?). Air sac bleeding from right chest, could not find wound, but covered with blood and not very responsive.  ",NA,NA,NA
"23","1988","4","20","4:22",NA,"long_lake",NA,"juven","male",NA,"blue","996","B996","green","1051","G1051",NA,NA,NA,"3.33","657","270","18",NA,"291","160","65","65","38.2","20.5","27.1","greenish yellow","0","bistre yellow",NA,NA,"0","no","yes",NA,"yes",NA,"yes","yes","yes",NA,NA,"yes","no","no","Middle tail feathers mising",NA,NA,NA
"24","1988","4","7","9:04",NA,"long_lake",NA,"adult","female",NA,"green","374","G374","blue","287","B287",NA,NA,NA,"2.17","543","204",NA,"69.5","264","106","63","52","34.05","19.6","17.98",NA,NA,NA,NA,NA,NA,"no",NA,NA,NA,NA,"yes","yes","yes",NA,NA,"yes","no","yes",NA,NA,NA,NA
"25","1988","4","7","8:50",NA,"long_lake",NA,"adult","female",NA,"green","356","G356","purple","579","P579",NA,NA,NA,"1.5","545","206",NA,NA,"276","104","58","53","33.7","18.82","17.08",NA,NA,NA,NA,NA,NA,"no",NA,NA,NA,NA,"no","no","no",NA,NA,"no","no","no",NA,NA,NA,"No blood data"
"26","1988","4","7","9:18",NA,"long_lake",NA,"adult","female",NA,"green","360","G360","orange","11","O11",NA,NA,NA,"1.995","571","208",NA,NA,"285","105","62","53","32.8","21.4","19",NA,NA,NA,NA,NA,NA,"no",NA,NA,NA,NA,"yes","yes","yes",NA,NA,"yes","no","yes",NA,NA,NA,NA
"27","1988","4","7","9:34",NA,"long_lake",NA,"adult","female",NA,"green","362","G362","red","134","R134",NA,NA,NA,"1.905","531","191",NA,"69.5","276","113","60","52","31.75","18.9","16.65",NA,NA,NA,NA,NA,NA,"no",NA,NA,NA,NA,"yes","yes","yes",NA,NA,"no","no","no",NA,NA,NA,"No blood data"
"28","1988","4","5","22:00",NA,"long_lake",NA,"juven","male",NA,"orange","67","O67","purple","536","P536",NA,NA,NA,"2.85","648","227","13",NA,"297","137","69","70","38.5","20.8","19.2","yellow olive","0","chrome yellow",NA,NA,"6","no","no",NA,"no",NA,"yes","yes","yes",NA,NA,"no","no","no",NA,"DIED.",NA,"I screwed up. "
"29","1988","4","7","9:49",NA,"long_lake",NA,"adult","female",NA,"green","373","G373","white","468","W468",NA,NA,NA,"1.5","551","219",NA,"72.75","271","113","57","56","32.8","18.2","15.05",NA,NA,NA,NA,NA,NA,NA,NA,NA,NA,NA,"yes","yes","yes",NA,NA,"yes","no","yes",NA,NA,NA," No blood data"
"30","1988","4","7","10:04",NA,"long_lake",NA,"adult","female",NA,"blue","283","B283","orange","26","O26",NA,NA,NA,"1.6","579","219",NA,"77.35","281","110","61","55","36.55","20.45","18",NA,NA,NA,NA,NA,NA,"no",NA,NA,NA,NA,"no","no","no",NA,NA,"no","no","no",NA,NA,NA,NA
"31","1988","4","7","10:15",NA,"long_lake",NA,"adult","female",NA,"blue","293","B293","red","147","R147",NA,NA,NA,"1.75","545","208",NA,"72.05","268","122","55","55","33.65","17.15","16.6",NA,NA,NA,NA,NA,NA,"no",NA,NA,NA,NA,"no","no","no",NA,NA,"no","no","no",NA,NA,NA,NA
"32","1988","4","7","10:25",NA,"long_lake",NA,"adult","female",NA,"purple","511","P511","white","454","W454",NA,NA,NA,"1.65","583","215",NA,"76.34","275","117","60","57","34.8","19.45","16.78",NA,NA,NA,NA,NA,NA,NA,NA,NA,NA,NA,"no","no","no",NA,NA,"no","no","no",NA,NA,NA,"No blood data"
"33","1988","4","7","10:40",NA,"long_lake",NA,"adult","female",NA,"purple","586","P586","orange","16","O16",NA,NA,NA,"1.4","556","209",NA,"72.96","275","118","57","54","32","17.13","17.33",NA,NA,NA,NA,NA,NA,"no",NA,NA,NA,NA,"no","no","no",NA,NA,"no","no","no",NA,NA,NA,"No blood data"
"34","1988","4","7","10:55",NA,"long_lake",NA,"juven","female",NA,"purple","594","P594","green","363","G363",NA,NA,NA,"1.5","551","222",NA,"75.45","269","116","64","56","35.4","20.1","17.4",NA,NA,NA,NA,NA,NA,"no",NA,NA,"yes",NA,"no","no","no",NA,NA,"no","no","no",NA,NA,NA,"No blood data"
"35","1988","4","7","11:09",NA,"long_lake",NA,"juven","female",NA,"purple","514","P514","purple","582","P582",NA,NA,NA,"1.55","560","193",NA,"74.95","281","113","59","58","33.7","19.35","17.9",NA,NA,NA,NA,NA,NA,NA,NA,NA,NA,NA,"no","no","no",NA,NA,"no","no","no",NA,NA,NA,NA
"36","1988","4","7","11:20",NA,"long_lake",NA,"adult","female",NA,"purple","512","P512","blue","278","B278",NA,NA,NA,"1.525","537","208",NA,"73.05","263","120","59","57","32.95","17.6","17.25",NA,NA,NA,NA,NA,NA,"no",NA,NA,"no",NA,"no","no","no",NA,NA,"no","no","no",NA,NA,NA,"No blood data"
"37","1988","4","7","8:51",NA,"long_lake",NA,"adult","female",NA,"blue","255","B255","white","439","W439",NA,"2.08652",NA,NA,"532","182","14","70.03","226.5","92","49","56","33.52","18.58",NA,NA,NA,NA,NA,NA,NA,NA,NA,NA,NA,NA,"yes","yes","yes",NA,NA,"yes","yes","no",NA,NA,NA,NA
"38","1988","4","7","9:16",NA,"long_lake",NA,"adult","female",NA,"blue","254","B254","green","368","G368",NA,"2.04117",NA,NA,"564","210","12","68.54","227","89","49","33.42","17.22",NA,NA,NA,"0",NA,NA,NA,"0","no","no",NA,"yes",NA,"no","no","no",NA,NA,"yes","no","no","Tail feathers very worn, right wing banged up",NA,NA,NA
"39","1988","4","7","7:15",NA,"long_lake",NA,"adult","female",NA,"yellow",NA,"Y","orange","65","O65",NA,"2.04117",NA,NA,"622","220",NA,NA,"277","107","58","31.24","20.8",NA,NA,NA,NA,NA,NA,NA,NA,"no",NA,NA,NA,NA,"yes","yes","yes",NA,NA,"yes","no","no",NA,NA,NA,NA
"40","1988","4","7","7:45",NA,"long_lake",NA,"adult","female",NA,"yellow",NA,"Y","green","380","G380",NA,"1.99581",NA,NA,"563","182",NA,NA,"272","100","57","60","32.5","17.5",NA,NA,NA,NA,NA,NA,NA,"no",NA,NA,NA,NA,"yes","yes","yes",NA,NA,"yes","no","no",NA,NA,NA,NA
"41","1988","4","7","8:00",NA,"long_lake",NA,"adult","female",NA,"yellow",NA,"Y","purple","539","P539",NA,"1.90509",NA,NA,"559","190",NA,NA,"272","104","57","58","32.3","17.2",NA,NA,NA,NA,NA,NA,NA,"no",NA,NA,NA,NA,"yes","yes","yes",NA,NA,"yes","yes","no",NA,NA,NA,NA
"42","1988","4","7","9:00",NA,"long_lake",NA,"adult","female",NA,"yellow",NA,"Y","blue","246","B246",NA,"1.99581",NA,NA,"583","181",NA,NA,"262","100","59","54","32.6","19.3",NA,NA,NA,NA,NA,NA,NA,"no",NA,NA,NA,NA,"yes","yes","yes",NA,NA,"no","no","no",NA,NA,NA,NA
"43","1988","4","6","9:00",NA,"long_lake",NA,"adult","female",NA,"yellow",NA,"Y","white","436","W436",NA,NA,NA,"1.85","415",NA,NA,NA,"260","110","60","61","32.28","17.67",NA,NA,NA,NA,NA,NA,NA,"no",NA,NA,NA,NA,"yes","yes","yes",NA,NA,"yes","no","yes",NA,NA,NA,NA
"44","1988","4","6","9:58",NA,"long_lake",NA,NA,"female",NA,"red","175","R175","blue","240","B240",NA,NA,NA,"1.6","220","165",NA,NA,"257","120","57","55","34.3","16.75",NA,NA,NA,NA,NA,NA,NA,NA,NA,NA,NA,NA,"yes","yes","yes",NA,NA,"yes","no","no",NA,NA,NA,NA
"45","1988","4","6","10:19",NA,"long_lake",NA,"adult","female",NA,"red","170","R170","purple","541","P541",NA,NA,NA,"1.65","525","182",NA,NA,"255","110","57","56","32.5","16",NA,NA,NA,NA,NA,NA,NA,NA,NA,NA,NA,NA,"yes","yes","yes",NA,NA,"yes","no","yes",NA,NA,NA,NA
"46","1988","4","6","10:39",NA,"long_lake",NA,"adult","female",NA,"red","169","R169","orange","68","O68",NA,NA,NA,"1.8","565","195",NA,NA,"258","110","60","59","33","17.69",NA,NA,NA,NA,NA,NA,NA,NA,NA,NA,NA,NA,"yes","yes","yes",NA,NA,"yes","no","yes",NA,NA,NA,NA
"47","1988","4","6","10:58",NA,"long_lake",NA,NA,"female",NA,"red","168","R168","white","431","W431",NA,NA,NA,"1.6","505","181",NA,NA,"260","110","60","58","31.5","17.5",NA,NA,NA,NA,NA,NA,NA,NA,NA,NA,NA,NA,"yes","yes","yes",NA,NA,"yes","no","no",NA,NA,NA,NA
"48","1988","4","6","11:20",NA,"long_lake",NA,"adult","female",NA,"red","166","R166","green","382","G382",NA,NA,NA,"1.7","390",NA,NA,NA,"255","115","58","53","31.24","16.65",NA,NA,NA,NA,NA,NA,NA,NA,NA,NA,NA,NA,"yes","yes","yes",NA,NA,"yes","no","no",NA,NA,NA,NA
"49","1988","4","6","11:36",NA,"long_lake",NA,"adult","female",NA,"red","165","R165","yellow",NA,"Y",NA,NA,NA,"1.8","510","180",NA,NA,"255","120","575","55","31.75","17.5",NA,NA,NA,NA,NA,NA,NA,NA,NA,NA,NA,NA,"yes","yes","yes",NA,NA,"yes","no","no",NA,NA,NA,"No blood data"
"50","1988","4","9","3:30",NA,"long_lake",NA,"adult","female","nightlighted","green","379","G379","yellow",NA,"Y",NA,NA,NA,"1.9","547","186",NA,NA,"262","98","60","59","33.1","20.2",NA,NA,NA,NA,NA,NA,NA,NA,NA,NA,NA,NA,"yes","yes","yes",NA,NA,"yes","yes","no",NA,NA,NA,"No blood data"
"51","1988","4","9","3:50",NA,"long_lake",NA,"adult","female",NA,"blue","242","B242","yellow",NA,"Y",NA,NA,NA,"1.75","552","169",NA,NA,"262","101","55","57","30.7","19",NA,NA,NA,NA,NA,NA,NA,NA,NA,NA,NA,NA,"yes","yes","no",NA,NA,"no","no","no",NA,NA,NA,"No blood data"
"52","1988","4","16","8:20",NA,"long_lake",NA,"juven","female",NA,"orange","60","O60","blue","229","B229",NA,NA,NA,"1.51","583","190",NA,NA,"258","107","60","61","31.1","18.6",NA,NA,NA,NA,NA,NA,NA,NA,NA,NA,NA,NA,"yes","yes","yes",NA,NA,"yes","yes","no",NA,NA,NA,NA
"53","1988","4","16","8:00",NA,"long_lake",NA,"adult","female",NA,"orange","58","O58","purple","531","P531",NA,NA,NA,"1.4","388",NA,NA,NA,"240","100","60","61","33.4","18.8",NA,NA,NA,NA,NA,NA,NA,NA,NA,NA,NA,NA,"yes","yes","yes",NA,NA,"yes","yes","no",NA,NA,NA,NA
"54","1988","4","16","9:12",NA,"long_lake",NA,"juven","female",NA,"orange","39","O39","green","370","G370",NA,NA,NA,"1.7","564","200",NA,NA,"257","104","60","57","33.9","18.85",NA,NA,NA,NA,NA,NA,NA,NA,NA,NA,NA,NA,"yes","yes","yes",NA,NA,"yes","no","no",NA,NA,NA,NA
"55","1988","4","16","10:50",NA,"long_lake",NA,NA,"female",NA,"white","437","W437","yellow",NA,"Y",NA,NA,NA,"1.5","590","173",NA,NA,"263","104","60","60","32.4","18.4",NA,NA,NA,NA,NA,NA,NA,NA,NA,NA,NA,NA,"yes","yes","yes",NA,NA,"yes","no","no",NA,NA,NA,"No blood data"
"56","1988","4","16","10:40",NA,"long_lake",NA,"juven","female",NA,"blue","245","B245","yellow",NA,"Y",NA,NA,NA,"1.5","545","149",NA,NA,"253","106","60","60","32","18.7",NA,NA,NA,NA,NA,NA,NA,NA,NA,NA,NA,NA,"yes","yes","yes",NA,NA,"yes","yes","no",NA,NA,NA,"No blood data"
"57","1988","4","16","10:00",NA,"long_lake",NA,"adult","female",NA,"green","376","G376","green","377","G377",NA,NA,NA,"1.7","588","185",NA,NA,"267","109","63","62","32.1","19.1",NA,NA,NA,NA,NA,NA,NA,NA,NA,NA,NA,NA,"yes","yes","yes",NA,NA,"yes","yes","no",NA,NA,NA,"No blood data"
"58","1988","4","16","9:50",NA,"long_lake",NA,NA,"female",NA,"blue","283","B283","orange","26","O26",NA,NA,NA,"1.5",NA,NA,NA,NA,NA,NA,NA,NA,NA,NA,NA,NA,NA,NA,NA,NA,NA,NA,NA,NA,NA,NA,"no","no","no",NA,NA,"yes","no","no",NA,NA,NA,"RECAP"
"59","1988","4","16","9:30","`","long_lake",NA,"juven","female",NA,"orange","12","O12","orange","64","O64",NA,NA,NA,"1.5","570","170",NA,NA,"258","101","61","59","30.4","17.9",NA,NA,NA,NA,NA,NA,NA,NA,NA,NA,NA,NA,"yes","yes","yes",NA,NA,"yes","yes","no",NA,NA,NA,NA
"60",NA,NA,NA,"8:35",NA,"long_lake",NA,"juven","female",NA,"orange","1","O1","yellow",NA,"Y",NA,NA,NA,"1.4","541","159",NA,NA,"240","99","58","58","31.9","18.6",NA,NA,NA,NA,NA,NA,NA,NA,NA,NA,NA,NA,"yes","yes","yes",NA,NA,"yes","yes","no",NA,NA,NA,"No blood data"
"61",NA,NA,NA,"9:00",NA,"long_lake",NA,"juven","female",NA,"orange","10","O10","red","164","R164",NA,NA,NA,"1.5","551","180",NA,NA,"275","102","60","59","30.1","18.25",NA,NA,NA,NA,NA,NA,NA,NA,NA,NA,NA,NA,"yes","yes","yes",NA,NA,"yes","yes","no",NA,NA,NA,NA
"62",NA,NA,NA,"11:22",NA,"long_lake",NA,"adult","female",NA,"red","173","R173","red","174","R174",NA,NA,NA,"1.5","568","185",NA,NA,"263","104","60","59","33.3","18.8",NA,NA,NA,NA,NA,NA,NA,NA,NA,NA,NA,NA,"no","no","no",NA,NA,"no","yes","no",NA,NA,NA,"No blood data"
"63",NA,NA,NA,"11:05",NA,"long_lake",NA,"adult","female",NA,"green","383","G383","yellow",NA,"Y",NA,NA,NA,"1.55","580","182",NA,NA,"270","123","60","62","31.3","18.3",NA,NA,NA,NA,NA,NA,NA,NA,NA,NA,NA,NA,"yes","yes","yes",NA,NA,"yes","yes","no",NA,NA,NA,"No blood data. Ectoparasites - gut nematode!!"
"64",NA,NA,NA,"11:06",NA,"long_lake",NA,"adult","female",NA,NA,NA,"","red","155","R155",NA,NA,NA,"1.575","541","182",NA,NA,"274","118","54","57","31.1","18.85",NA,NA,NA,NA,NA,NA,NA,NA,NA,NA,NA,NA,"yes","yes","yes",NA,NA,"yes","yes","no",NA,NA,NA,NA
"65","1988","4","16","11:50",NA,"long_lake",NA,"juven","female",NA,"yellow",NA,"Y","yellow","1157","Y1157",NA,NA,NA,"1.35",NA,NA,NA,NA,"252","102","58","59","31.6","17.7",NA,NA,NA,NA,NA,NA,NA,NA,NA,NA,NA,NA,"no","no","no",NA,NA,"yes","yes","no",NA,NA,NA,"NASTY BITCH!. No blood data. Body length - 382mm to pygostyle"
"66","1988","4","16","11:35",NA,"long_lake",NA,NA,"female",NA,"purple","537","P537","yellow",NA,"Y",NA,NA,NA,"1.45","555","155",NA,NA,"253","100","59","62","33","18",NA,NA,NA,NA,NA,NA,NA,NA,NA,NA,NA,NA,"yes","yes","yes",NA,NA,"yes","yes","no",NA,NA,NA,"No blood data"
"67","1988","4","16","10:56",NA,"long_lake",NA,"adult","female",NA,"blue","231","B231","yellow",NA,"Y",NA,NA,NA,"1.7","572","198",NA,NA,"338","120","58","62","32.4","17.5",NA,NA,NA,NA,NA,NA,NA,NA,NA,NA,NA,NA,"yes","yes","yes",NA,NA,"yes","yes","no",NA,NA,NA,"No blood data"
"68","1988","4","16","10:40",NA,"long_lake",NA,"adult","female",NA,"blue","239","B239","green","352","G352",NA,NA,NA,"1.6","571","191","4",NA,"271","127","55","59","321","19.2",NA,NA,NA,NA,NA,NA,NA,NA,NA,NA,NA,NA,"yes","yes","yes",NA,NA,"yes","yes","no","Lost several tail feathers",NA,NA,NA
"69","1988","4","16","10:26",NA,"long_lake",NA,"juven","female",NA,"blue","236","B236","purple","553","P553",NA,NA,NA,"1.5","563","177",NA,NA,"279","123","55","61","31.3","18.7",NA,NA,NA,NA,NA,NA,NA,NA,NA,NA,NA,NA,"yes","yes","yes",NA,NA,"yes","yes","no","Wrist (?) torn up",NA,NA,NA
"70","1988","4","16","10:11",NA,"long_lake",NA,"juven","female",NA,"blue","232","B232","white","429","W429",NA,NA,NA,"1.475","361",NA,NA,NA,"259","130","50","69","30.2","18.1",NA,NA,NA,NA,NA,NA,NA,NA,NA,NA,NA,NA,"yes","yes","yes",NA,NA,"yes","yes","no","Wrists bloody",NA,NA,NA
"71","1988","4","16","9:54",NA,"long_lake",NA,"juven","female",NA,"blue","226","B226","blue","230","B230",NA,NA,NA,"1.6","408","38",NA,NA,"271","136","54","56","29.3","17.7",NA,NA,NA,NA,NA,NA,NA,NA,NA,NA,NA,NA,"yes","yes","yes",NA,NA,"yes","yes","no",NA,NA,NA,NA
"72","1988","4","16","11:20",NA,"long_lake",NA,"juven","female",NA,"purple","532","P532","red","187","R187",NA,NA,NA,"1.475","546","176",NA,NA,"329","118","57","56","33.7","18.2",NA,NA,NA,NA,NA,NA,NA,NA,NA,NA,NA,NA,"yes","yes","yes",NA,NA,"yes","no","no",NA,NA,NA,"No blood data"
"73","1988","4","16","11:31",NA,"long_lake",NA,"adult","female",NA,NA,NA,"","orange","50","O50",NA,NA,NA,"1.85","585","190",NA,NA,"282","132","56","56","32.7","25.2",NA,NA,NA,NA,NA,NA,NA,NA,NA,NA,NA,NA,"yes","yes","yes",NA,NA,"yes","no","no",NA,NA,"Had real - trouble drawing blood, would not bleed",NA
"74","1988","4","16","6:55",NA,"long_lake",NA,NA,"female",NA,"white","650","W650","green","1045","G1045",NA,NA,NA,"1.65","525","187.5",NA,"68.1","265","110","55","55","32.7","16.65",NA,NA,NA,NA,NA,NA,NA,"yes",NA,NA,NA,NA,"yes","yes","yes",NA,NA,"yes","yes","no",NA,NA,NA,"No blood data. "
"75","1988","4","16","7:53",NA,"long_lake",NA,NA,"female",NA,"white","649","W649","blue","975","B975",NA,NA,NA,"1.65","490","160",NA,"68.5","270","115","55","52","33.1","18",NA,NA,NA,NA,NA,NA,NA,NA,NA,NA,NA,NA,"yes","yes","yes",NA,NA,"yes","no","no",NA,NA,NA,NA
"76","1988","4","16","12:22",NA,"long_lake",NA,NA,"female",NA,"red","874","R874",NA,NA,"",NA,NA,NA,"1.6","525","195",NA,NA,"270","107","57.5","62.5","31.75","18.75",NA,NA,NA,NA,NA,NA,NA,NA,NA,NA,NA,NA,"yes","yes","yes",NA,NA,"no","yes","no",NA,NA,NA,"No blood data"
"77","1988","4","16","11:40",NA,"long_lake",NA,NA,"female",NA,"blue","972","B972",NA,NA,"",NA,NA,NA,"1.85","540","190",NA,NA,"265","105","55","59.5","33","18.5",NA,NA,NA,NA,NA,NA,NA,NA,NA,NA,NA,NA,"yes","yes","yes",NA,NA,"yes","no","no",NA,NA,NA,NA
"78","1988","4","16","11:31",NA,"long_lake",NA,NA,"female",NA,"green","374","G374","blue","287","B287",NA,NA,NA,"1.9",NA,NA,NA,NA,NA,NA,NA,NA,NA,NA,NA,NA,NA,NA,NA,NA,NA,NA,NA,NA,NA,NA,"no","no","no",NA,NA,"yes","no","no",NA,NA,NA,"RECAP"
"79","1988","4","16","11:11",NA,"long_lake",NA,NA,"female",NA,"yellow",NA,"Y","blue","246","B246",NA,NA,NA,"1.65","480","185",NA,NA,"255","110","55","55","28.2","19.3",NA,NA,NA,NA,NA,NA,NA,NA,NA,NA,NA,NA,"yes","yes","yes",NA,NA,"yes","yes","no",NA,NA,NA,"RECAP"
"80","1988","4","16","10:51",NA,"long_lake",NA,NA,"female",NA,"green","1046","G1046",NA,NA,"",NA,NA,NA,"1.7","520","185",NA,NA,"255","110","55","56","32.2","18",NA,NA,NA,NA,NA,NA,NA,NA,NA,NA,NA,NA,"no","no","no",NA,NA,"no","no","no",NA,NA,NA,"No blood data"
"81","1988","4","16","10:56",NA,"long_lake",NA,NA,"female",NA,"blue","974","B974","blue","973","B973",NA,NA,NA,"1.6","532","195",NA,NA,"270","105","55","52","34.8","16.1",NA,NA,NA,NA,NA,NA,NA,NA,NA,NA,NA,NA,"yes","yes","yes",NA,NA,"yes","yes","no",NA,NA,NA,NA
"82","1988","4","16","10:13",NA,"long_lake",NA,NA,"female",NA,"white","636","W636","white","637","W637",NA,NA,NA,"1.8","400",NA,NA,NA,"245","120","55","55","33.7","16.9",NA,NA,NA,NA,NA,NA,NA,NA,NA,NA,NA,NA,"yes","yes","yes",NA,NA,"yes","no","no","No tail",NA,NA,NA
"83","1988","4","16","9:54",NA,"long_lake",NA,NA,"female",NA,"white","642","W642","yellow","1169","Y1169",NA,NA,NA,"1.8","505","197",NA,NA,"270","123","60","57.5","34.9","18",NA,NA,NA,NA,NA,NA,NA,NA,NA,NA,NA,NA,"yes","yes","yes",NA,NA,"yes","yes","no",NA,NA,NA,NA
"84","1988","4","16","9:49",NA,"long_lake",NA,NA,"female",NA,"white",NA,"W","green","1028","G1028",NA,NA,NA,"1.8",NA,NA,NA,NA,NA,NA,NA,NA,NA,NA,NA,NA,NA,NA,NA,NA,NA,NA,NA,NA,NA,NA,"yes","yes","no",NA,NA,"no","no","no","Sore wing where blood was taken previously",NA,NA,"RECAP"
"85","1988","4","16","9:32",NA,"long_lake",NA,NA,"female",NA,"white","147","W147","orange","740","O740",NA,NA,NA,"1.9","522.5","162.5",NA,NA,"256","122","57","55","34.2","19",NA,NA,NA,NA,NA,NA,NA,NA,NA,NA,NA,NA,"yes","yes","yes",NA,NA,"yes","no","no",NA,NA,NA,"Shot 9-23-88, Bill DeBerg. No blood data"
"86","1988","4","16","9:15",NA,"long_lake",NA,"juven","female",NA,"white","639","W639","red","873","R873",NA,NA,NA,"1.6","490","150",NA,NA,"157.5","110","57.5","52","31.8","18",NA,NA,NA,NA,NA,NA,NA,NA,NA,NA,NA,NA,"yes","yes","yes",NA,NA,"yes","yes","no",NA,NA,NA,NA
"87","1988","4","16","8:11",NA,"long_lake",NA,NA,"female",NA,"yellow",NA,"Y","purple","539","P539",NA,NA,NA,"1.8","530","200",NA,"69.5","275","125","55","49","32.1","16.8",NA,NA,NA,NA,NA,NA,NA,NA,NA,NA,NA,NA,"yes","yes","yes",NA,NA,"yes","yes","no",NA,NA,NA,"RECAP. "
"88","1988","4","15","4:30",NA,"long_lake",NA,"adult","female",NA,"orange","749","O749","blue","959","B959",NA,NA,NA,"1.9","530","175",NA,NA,"260","130","55","53","32.5","18.2",NA,NA,NA,NA,NA,NA,NA,NA,NA,NA,NA,NA,"yes","yes","yes",NA,NA,"yes","yes","no",NA,NA,NA,NA
"89","1988","4","20","4:06",NA,"long_lake",NA,"adult","female",NA,NA,NA,"","yellow","1189","Y1189",NA,NA,NA,"2.26796","555","209",NA,NA,"335","119","52","56","32.3","20.1",NA,NA,NA,NA,NA,NA,NA,NA,NA,NA,NA,NA,"yes","yes","yes",NA,NA,"yes","no","no",NA,NA,NA,NA
"90","1988","5","13","5:00",NA,"long_lake",NA,"adult","male",NA,"blue","956","B956","blue","1967","B1967",NA,NA,NA,"3.15","774","309","19",NA,"312","136","70","73","40.9","21.6","23","olive yellow","0","bistre yellow",NA,NA,"2","no","yes",NA,"no",NA,"yes","yes","yes",NA,NA,"yes","yes","no",NA,NA,NA,NA
"91","1988","5","13","7:20",NA,"long_lake",NA,"adult","female",NA,"orange","731","O731","orange","734","O734",NA,NA,NA,"1.9","586","205",NA,NA,"267","103","60","63","32.5","18.7",NA,NA,NA,NA,NA,NA,NA,NA,NA,NA,NA,NA,"yes","yes","yes",NA,NA,"yes","yes","no","injured at base of tail - lost blood",NA,NA,"large brood patch, took photos"
"92","1988","5","13","4:50",NA,"long_lake",NA,"adult","male",NA,"orange","83","O83","red","182","R182",NA,NA,NA,"3.2",NA,NA,"16",NA,NA,NA,NA,NA,NA,NA,NA,NA,NA,NA,NA,NA,NA,NA,NA,NA,NA,NA,"no","no","no",NA,NA,"no","no","no",NA,NA,NA,"RECAP"
"1","6","4","19","4:40",NA,"windmill_dam",NA,"adult","male","net cannon","green","371","G371","blue","277","B277",NA,NA,NA,"2.95","733","320","16","77.45","330","142","72","68","37.95","21.5","20.65","yellow olive","0","bistre yellow",NA,NA,"0","no","no",NA,"no",NA,"yes","yes","yes",NA,NA,"yes","yes","yes","Gash in left air sac. Diarrhea",NA,NA,NA
"2","6","4","19","5:00",NA,"windmill_dam",NA,"adult","male","net cannon","purple","576","P576","white","464","W464",NA,NA,NA,"2.6","710","316","20","80.2","307","136","69","67","38.3","21.65","22.4","yellow olive","0","bistre yellow",NA,NA,"0","no","no",NA,"yes",NA,"yes","yes","yes",NA,NA,"yes","yes","yes",NA,NA,NA,NA
"3","15","4","19","3:05",NA,"windmill_dam",NA,"adult","male",NA,"yellow","no","YNO","orange","15","O15",NA,NA,NA,"3.1","761","302","19",NA,"320","142","73","69","40.9","23.2","26.35","olive yellow","0","bistre yellow",NA,NA,"1","no","no",NA,"no",NA,NA,NA,NA,NA,NA,NA,NA,NA,NA,NA,NA,"No blood data"
"4","21","4","19","6:45",NA,"windmill_dam",NA,NA,"male",NA,"green","371","G371","blue","277","B277",NA,NA,NA,"3.31122","780","350","13",NA,"392","168","64","64","39.2","19.2","22.7","olive yellow","0","bistre yellow",NA,NA,"0","no","no",NA,"no",NA,"yes","yes","yes",NA,NA,"yes","no","no","Healed (but (?)) scab on left air sac from fight",NA,NA,"RECAP 88. "
"5","21","4","19","7:02",NA,"windmill_dam",NA,NA,"male",NA,"red","849","R849","red","850","R850",NA,NA,NA,"3.81018","812","346","18",NA,"382","155","63","67","39.8","22.2","24.1","chrome yellow","0","bistre yellow",NA,NA,"0","no","yes",NA,"yes",NA,"yes","yes","yes",NA,NA,"yes","yes","no",NA,NA,NA,NA
"6","6","4","19","4:25",NA,"windmill_dam",NA,"juven","female","nightlighting","orange","6","O6","orange","14","O14",NA,NA,NA,"1.2","515","170",NA,"72.35","262","116","59","56","35.35","19","16.55",NA,NA,NA,NA,NA,NA,"no",NA,NA,NA,NA,"yes","yes","yes",NA,NA,"yes","yes","yes",NA,NA,NA,NA
NA,"1988","4","11","4:15",NA,"mud_springs",NA,"adult","male",NA,"yellow","1175","Y1175","yellow","1176","Y1176",NA,NA,NA,"3.4","802","307","17",NA,"309","133","71","75","37.5","22.3","24.5","olive yellow","0","chrome yellow",NA,NA,"2","no","yes",NA,"no",NA,"yes","yes","yes",NA,NA,"yes","yes","no",NA,NA,NA,"Illegible comment under # of tail feathers. "
NA,"1988","4","11","4:15",NA,"mud_springs",NA,"adult","male",NA,"yellow","1174","Y1174","orange","750","O750",NA,NA,NA,"3.3","745","285","18",NA,"309","130","71","72","39.5","21","25.3","olive yellow","0","bistre yellow",NA,NA,"0","no","no",NA,"no",NA,"yes","yes","yes",NA,NA,"yes","yes","no",NA,NA,NA,NA
NA,"1988","4","11","4:15",NA,"mud_springs",NA,"adult","male",NA,"yellow","1167","Y1167","green","1031","G1031",NA,NA,NA,"3.2","768","306","19",NA,"310","137","69","70","39.6","21.6","26.3","olive yellow","0","bistre yellow",NA,NA,"0","no","no",NA,"no",NA,"yes","yes","yes",NA,NA,"yes","no","no",NA,NA,NA,NA
NA,"1988","4","11","4:45",NA,"mud_springs",NA,"adult","male",NA,"yellow","1155","Y1155","blue","963","B963",NA,NA,NA,"3.4","820","309","18",NA,"321","134","70","70","38.3","21.3","27.2","apple green","0","bistre yellow",NA,NA,"0","no","no",NA,"no",NA,"yes","yes","yes",NA,NA,"yes","yes","no",NA,NA,NA,NA
NA,"1988","4","13","6:15",NA,"mud_springs",NA,"adult","male","cannon net","orange","746","O746","yellow","1164","Y1164",NA,NA,NA,"3.25","773","299","18",NA,"320","136","71","71","39","21.6","25.9","olive yellow","0","bistre yellow",NA,NA,"0","no","no",NA,"no",NA,"yes","yes","yes",NA,NA,"yes","no","no",NA,NA,NA,"No feces in bag"
NA,"1988","4","13","6:45",NA,"mud_springs",NA,"adult","male",NA,"white","645","W645","yellow","1165","Y1165",NA,NA,NA,"2.9","786","303","18",NA,"303","129","68","66","38.9","20.5","23.1","olive yellow","0","bistre yellow",NA,NA,"0","no","no",NA,"no",NA,"yes","yes","yes",NA,NA,"yes","yes","no","Fighting scars on both airs","Bent a few feathers during handling",NA,"no blood data"
NA,"1988","4","14","7:18",NA,"mud_springs",NA,"adult","male",NA,"blue","258","B258","yellow","489","Y489",NA,NA,NA,"3.3","700","332","19",NA,"300","160","67","64","38","20.8","25","olive yellow","0","bistre yellow",NA,NA,"0","no","yes",NA,"yes",NA,"yes","yes","yes",NA,NA,"yes","yes","no","Some wear on wing from tag","Trimmed feathers because we didn't see tags when observed",NA,"Recapture 87, DB, DC, EHN"
NA,"1988","4","17","2:31",NA,"mud_springs",NA,NA,"male",NA,"yellow","1174","Y1174","orange","750","O750",NA,NA,NA,"3.1",NA,NA,NA,NA,NA,NA,NA,NA,NA,NA,NA,NA,NA,"bistre yellow",NA,NA,"0",NA,NA,NA,NA,NA,"no","no","no",NA,NA,"yes","no","no",NA,NA,NA,"Recapture"
NA,"1988","4","17","3:12",NA,"mud_springs",NA,"adult","male",NA,"blue","955","B955","white","640","W640",NA,NA,NA,NA,"695","310","18",NA,"32","145","70","67.5","40.1","19.1","27.75","olive yellow","0","bistre yellow",NA,NA,"0","no","yes",NA,"no",NA,"yes","yes","yes",NA,NA,"yes","yes","no",NA,NA,NA,NA
NA,"1988","4","19","3:53",NA,"mud_springs",NA,"adult","male",NA,"green","1047","G1047","yellow","1177","Y1177",NA,NA,NA,"3","745","305","18",NA,"307.5","145","65","72.5","38.3","18","25.5","olive yellow","0","bistre yellow",NA,NA,"0","no","no",NA,"yes","1 small one on edge","yes","yes","yes",NA,NA,"yes","yes","no",NA,NA,NA,"No blood data"
NA,"1988","4","19","4:09",NA,"mud_springs",NA,NA,"male",NA,"white","612","W612","orange","730","O730",NA,NA,NA,"3.3","740","335","20",NA,"315","145","70","70","40","21","27.75","olive yellow","0","bistre yellow",NA,NA,"0","yes","yes",NA,"no",NA,"yes","yes","yes",NA,NA,"yes","yes","no",NA,NA,NA,"Found patagial tag 6-9, 1/2 mile away NW of lek (by Neil Neimuth). Raptor kill?"
NA,"1988","4","19","4:28",NA,"mud_springs",NA,NA,"male",NA,"red","860","R860","yellow","1182","Y1182",NA,NA,NA,"3.1","740","310","20",NA,"305","135","65","65","38.8","20","26","yellow olive","0","bistre yellow",NA,NA,"0","yes","yes"," a few","no",NA,"yes","yes","yes",NA,NA,"yes","yes","no",NA,NA,NA,NA
NA,"1988","4","20","7:06",NA,"mud_springs",NA,"adult","male",NA,"blue","987","B987","blue","981","B981",NA,NA,NA,"3.1","656","259","20",NA,"305","146","71","72","39.9","22.45","23.4","olive yellow","0","bistre yellow",NA,NA,"0","no","no",NA,"no",NA,"no","no","no",NA,NA,"no","no","no",NA,NA,NA,NA
NA,"1988","4","20","3:05",NA,"mud_springs",NA,"adult","male",NA,"yellow",NA,"Y","red",NA,"R",NA,NA,NA,"2.95",NA,NA,NA,NA,NA,NA,NA,NA,NA,NA,NA,NA,NA,NA,NA,NA,NA,NA,NA,NA,NA,NA,"no","no","no",NA,NA,"no","no","no",NA,NA,NA,"Recap"
NA,"1988","4","20","6:50",NA,"mud_springs",NA,"adult","male",NA,"white","624","W624","white","629","W629",NA,NA,NA,"3.45","756","319","18",NA,"299","146","68","66","41.14","24.5","23.24","yellow olive","0","bistre yellow",NA,NA,"0","no","no",NA,"no",NA,"no","no","no",NA,NA,"no","no","no","Old sore on right sac",NA,NA,NA
NA,"1988","4","20","6:13",NA,"mud_springs",NA,"adult","male",NA,"white","632","W632","red","876","R876",NA,NA,NA,"3.2","750","285","14",NA,"309","135","69","69","39.48","22.8","24.7","yellow olive","0","greenish yellow",NA,NA,"0","no","yes"," left sac","no",NA,"no","no","no",NA,NA,"no","no","no",NA,NA,NA,NA
NA,"1988","4","20","5:57",NA,"mud_springs",NA,"adult","male",NA,"white","631","W631","green","1085","G1085",NA,NA,NA,"2.9","702","312","18",NA,"319","139","69","66","40.15","23.55","20","yellow olive","0","bistre yellow",NA,NA,"0","no","no",NA,"no",NA,"no","no","no",NA,NA,"no","no","no",NA,NA,NA,NA
NA,"1988","4","20","5:40",NA,"mud_springs",NA,"adult","male",NA,"white","627","W627","blue","986","B986",NA,NA,NA,"3.1","730","290","19",NA,"288","137","70","68","38.75","22.64","23.65","yellow olive","0","bistre yellow",NA,NA,"0",NA,"no",NA,"no",NA,"no","no","no",NA,NA,"no","no","no",NA,NA,NA,NA
NA,"1988","4","20","5:25",NA,"mud_springs",NA,"adult","male",NA,"green","1076","G1076","red","892","R892",NA,NA,NA,"3.2","759","330","22",NA,"307","142","68","70","39.2","21.75","25.48","yellow olive","0","bistre yellow",NA,NA,"0","no","yes","large one on edge of left sac","no",NA,"no","no","no",NA,NA,"no","no","no",NA,NA,NA,"Tag found S of lek 06 June 90 - signs bird killed"
NA,"1988","4","20","4:55",NA,"mud_springs",NA,"adult","male",NA,"green","1067","G1067","white","626","W626",NA,NA,NA,"3.15","735","299","14",NA,"302","144","69","71","41.9","23.42","21.85","olive yellow","0","bistre yellow",NA,NA,"0","no","yes"," 1 left sac","no",NA,"no","no","no",NA,NA,"no","no","no",NA,NA,NA,NA
NA,"1988","4","20","4:41",NA,"mud_springs",NA,"adult","male",NA,"blue","258","B258","white","489","W489",NA,NA,NA,"3.2",NA,NA,NA,NA,NA,NA,NA,NA,NA,NA,NA,NA,NA,NA,NA,NA,NA,NA,NA,NA,NA,NA,"no","no","no",NA,NA,"yes","yes","no",NA,NA,NA,NA
NA,"1988","4","20",NA,NA,"mud_springs",NA,"adult","male",NA,"yellow",NA,"Y","yellow",NA,"Y",NA,NA,NA,"3.3",NA,NA,NA,NA,NA,NA,NA,NA,NA,NA,NA,NA,NA,NA,NA,NA,NA,NA,NA,NA,NA,NA,"no","no","no",NA,NA,"no","no","no",NA,NA,NA,NA
NA,"1988","4","20","5:10",NA,"mud_springs",NA,"adult","male",NA,"green","1063","G1063","orange","721","O721",NA,NA,NA,"3.5","764","312","23",NA,"303","140","69","68","41.3","22.55","21.45","yellow olive","0","bistre yellow",NA,NA,"0","no","no",NA,"no",NA,"yes","yes","yes",NA,NA,"yes","yes","no",NA,NA,NA,"Even air sac color, no grey on edge"
NA,"1988","4","20","3:02",NA,"mud_springs",NA,"adult","male",NA,"green","1064","G1064","blue","984","B984",NA,NA,NA,"2.65","672","232","19",NA,"299","128","69","69","38.55","22.05","19.95","olive yellow","0","bistre yellow",NA,NA,"0","no","no",NA,"yes","edge","no","no","no",NA,NA,"no","no","no","Broken middle nail",NA,NA,NA
NA,"1988","4","20","7:25",NA,"mud_springs",NA,"juven","male",NA,"blue","983","B983","yellow","1185","Y1185",NA,NA,NA,"2.8","646","209","18",NA,"283","132","70","69","40.15","24.9","21.03","yellow olive","0","bistre yellow",NA,NA,"0","no","no",NA,"yes","edge","no","no","no",NA,NA,"no","no","no",NA,NA,NA,NA
NA,"1988","5","14","4:35",NA,"mud_springs",NA,"adult","male",NA,"red","860","R860","yellow","1182","Y1182",NA,NA,NA,"2.9",NA,NA,NA,NA,NA,NA,NA,NA,NA,NA,NA,NA,"0",NA,NA,NA,"0","no","no",NA,"no",NA,"no","no","no",NA,NA,"no","no","no",NA,NA,NA,NA
NA,"1988","5","14","4:45",NA,"mud_springs",NA,NA,"male",NA,"green","1015","G1015","orange","756","O756",NA,NA,NA,"3","752","275","13",NA,"305","137","70","67","39.65","22.75","22.85","olive yellow","0","bistre yellow",NA,NA,"0","no","yes",NA,"no",NA,"no","no","no",NA,NA,"no","no","no",NA,NA,NA,"no blood data"
NA,"1988","4","13","7:00",NA,"mud_springs",NA,NA,"female","cannon net","yellow","1153","Y1153","yellow","1152","Y1152",NA,NA,NA,"1.9","612","203",NA,NA,"270","111","59","57","33.7","19.4",NA,NA,NA,NA,NA,NA,"0","no",NA,NA,NA,NA,"yes","no","no",NA,NA,"yes","no","no",NA,NA,NA,"no blood data"
NA,"1988","4","13","7:20",NA,"mud_springs",NA,"adult","female",NA,"white","641","W641","yellow","1151","Y1151",NA,NA,NA,"1.85","588","183",NA,NA,"263","102","59","58","31.7","19.4",NA,NA,"0",NA,NA,NA,NA,"no",NA,NA,NA,NA,"yes","no","no",NA,NA,"yes","yes","no",NA,NA,NA,"no blood data"
NA,"1988","4","13","7:35",NA,"mud_springs",NA,"adult","female",NA,"blue","962","B962","yellow","1152","Y1152",NA,NA,NA,"1.8","614","191",NA,NA,"271","97","59","60","31.4","17.8",NA,NA,NA,NA,NA,NA,"0","no",NA,NA,NA,NA,"yes","no","no",NA,NA,"yes","yes","no",NA,NA,NA,"no blood data"
NA,"1988","4","13","8:00",NA,"mud_springs",NA,"adult","female",NA,"green","1042","G1042","yellow","1156","Y1156",NA,NA,NA,"1.9","450","0","0",NA,"265","108","59","56","32.6","18.8",NA,NA,NA,NA,NA,NA,"0","no",NA,NA,NA,NA,"yes","no","no",NA,NA,"yes","no","no","No tail!",NA,NA,"no blood data"
NA,"1988","4","13","8:15",NA,"mud_springs",NA,"adult","female",NA,"red","866","R866","yellow","1163","Y1163",NA,NA,NA,"1.85","633","199",NA,NA,"278","110","60","60","33.5","20.1",NA,NA,NA,NA,NA,NA,"0","no",NA,NA,NA,NA,"yes","no","no",NA,NA,"yes","yes","no",NA,NA,NA,"Very fiesty. Small fecal sample. No blood data"
NA,"1988","4","13","8:30",NA,"mud_springs",NA,"adult","female",NA,"yellow","1166","Y1166","blue","965","B965",NA,NA,NA,"1.75",NA,"0","0",NA,"262","106","59","59","31.1","18.2",NA,NA,NA,NA,NA,NA,"0",NA,NA,NA,NA,NA,"yes","no","no",NA,NA,"yes","no","no","No tail! ",NA,NA,"no blood data. Body length 411mm, to pygostyle "
NA,"1988","4","13","9:00",NA,"mud_springs",NA,"adult","female",NA,"yellow","1161","Y1161","red","864","R864",NA,NA,NA,"1.8",NA,"0","0",NA,"270","100","59","57","29.2","18.6",NA,NA,NA,NA,NA,NA,"0","no",NA,NA,NA,NA,"yes","no","no",NA,NA,"yes","no","no","No tail",NA,NA,"No blood data. Body length 400mm to pygostyle. "
NA,"1988","4","13","9:02",NA,"mud_springs",NA,"adult","female",NA,"yellow","1160","Y1160","orange","747","O747",NA,NA,NA,"1.85","602","178",NA,NA,"260","98","58","57","32.8","19",NA,NA,NA,NA,NA,NA,"0","no",NA,NA,NA,NA,"yes","no","no",NA,NA,"yes","no","no",NA,NA,NA,"No blood data"
NA,"1988","4","13","9:30",NA,"mud_springs",NA,"juven","female",NA,"yellow","1172","Y1172","green","1043","G1043",NA,NA,NA,"1.85","622","189",NA,NA,"269","105","59","56","32.1","18.7",NA,NA,NA,NA,NA,NA,"0","no",NA,NA,NA,NA,"yes","no","no",NA,NA,"yes","no","no",NA,NA,NA,"No blood data"
NA,"1988","4","13","10:00",NA,"mud_springs",NA,"adult","female",NA,"green","1025","G1025","green","1026","G1026",NA,NA,NA,"1.6","584","216",NA,NA,"266","105","57","59","33.65","21.3",NA,NA,NA,NA,NA,NA,NA,"no",NA,NA,NA,NA,"no","no","no",NA,NA,"no","no","no",NA,NA,NA,"No blood data"
NA,"1988","4","13","10:15",NA,"mud_springs",NA,"adult","female",NA,"green","1024","G1024","white","668","W668",NA,NA,NA,"1.5","515","204",NA,NA,"264","109","60","55","33","18.45",NA,NA,NA,NA,NA,NA,NA,"no",NA,NA,NA,NA,"no","no","no",NA,NA,"no","no","no",NA,NA,NA,"No blood data"
NA,"1988","4","13","10:30",NA,"mud_springs",NA,"adult","female",NA,"green","1017","G1017","blue","925","B925",NA,NA,NA,"1.5","575","204",NA,NA,"261","105","56","56","33.4","18.23",NA,NA,NA,NA,NA,NA,NA,"no",NA,NA,NA,NA,"no","no","no",NA,NA,"no","no","no",NA,NA,NA,NA
NA,"1988","4","13","10:40",NA,"mud_springs",NA,"adult","female",NA,"green","1006","G1006","orange","788","O788",NA,NA,NA,"1.55","568","211",NA,NA,"265","113","59","60","35.95","18.85",NA,NA,NA,NA,NA,NA,NA,"no",NA,NA,NA,NA,"no","no","no",NA,NA,"no","no","no",NA,NA,NA,NA
NA,"1988","4","13","10:55",NA,"mud_springs",NA,"juven","female",NA,"green","1009","G1009","red","815","R815",NA,NA,NA,"1.6","550","194",NA,NA,"264","107","61","60","33.66","20.75",NA,NA,NA,NA,NA,NA,NA,"no",NA,NA,NA,NA,"no","no","no",NA,NA,"no","no","no",NA,NA,NA,"No blood data. Tag found 25 Mar 89 PAW. Predator kill - probably early. near road, along fence line. "
NA,"1988","4","13","11:10",NA,"mud_springs",NA,NA,"female",NA,"blue","912","B912","green","1008","G1008",NA,NA,NA,"1.55","445","73",NA,NA,"253","115","59","58","34.78","19.55",NA,NA,NA,NA,NA,NA,NA,"no",NA,NA,NA,NA,"no","no","no",NA,NA,"no","no","no","Couldn't fly - no tail",NA,NA,NA
NA,"1988","4","13","11:25",NA,"mud_springs",NA,"adult","female",NA,"blue","933","B933","orange","765","O765",NA,NA,NA,"1.5","538","193",NA,NA,"268","111","59","60","32.4","19.75",NA,NA,NA,NA,NA,NA,NA,"no",NA,NA,NA,NA,"no","no","no",NA,NA,"no","no","no",NA,NA,NA,NA
NA,"1988","4","13","11:40",NA,"mud_springs",NA,"adult","female",NA,"blue","934","B934","blue","935","B935",NA,NA,NA,"1.55","558","195",NA,NA,"266","115","59","57","33.2","17.92",NA,NA,NA,NA,NA,NA,NA,"no",NA,NA,NA,NA,"no","no","no",NA,NA,"no","no","no",NA,NA,NA,NA
NA,NA,NA,NA,"11:50",NA,"mud_springs",NA,"adult","female",NA,"blue","936","B936","white","674","W674",NA,NA,NA,"1.7","588","212",NA,NA,"252","118","60","61","33.15","18.62",NA,NA,NA,NA,NA,NA,NA,"no",NA,NA,NA,NA,"no","no","no",NA,NA,"no","no","no",NA,NA,NA,NA
NA,"1988","4","13","12:05",NA,"mud_springs",NA,"adult","female",NA,"blue","930","B930","red","819","R819",NA,NA,NA,"1.5","532","184",NA,NA,"262","112","55","59","33.9","20",NA,NA,NA,NA,NA,NA,NA,"no",NA,NA,NA,NA,"no","no","no",NA,NA,"no","no","no",NA,NA,NA,"No blood data"
NA,"1988","4","13","12:15",NA,"mud_springs",NA,"adult","female",NA,"white","666","W666","blue","932","B932",NA,NA,NA,"1.45","524","203",NA,NA,"269","114","58","59","32.4","19.2",NA,NA,NA,NA,NA,NA,NA,"no",NA,NA,NA,NA,"no","no","no",NA,NA,"no","no","no",NA,NA,NA,NA
NA,"1988","4","17","3:34",NA,"mud_springs",NA,NA,"female",NA,"red","858","R858","red","857","R857",NA,NA,NA,"1.7","487.5","190",NA,NA,"225","110","55","60","31.5","17.8",NA,NA,NA,NA,NA,NA,NA,"no",NA,NA,NA,NA,"yes","yes","yes",NA,NA,"yes","yes","yes",NA,NA,NA,"No blood data"
NA,"1988","4","20","6:54",NA,"mud_springs",NA,"juven","female",NA,"white","615","W615","red","856","R856",NA,NA,NA,"2.1","565","190",NA,NA,"262.5","130","55","50","31.8","18",NA,NA,NA,NA,NA,NA,NA,"no",NA,NA,NA,NA,"yes","yes","yes",NA,NA,"yes","yes","no",NA,NA,NA,"Caught by Lindin et al. part of new record!"
NA,"1988","4","20","7:12",NA,"mud_springs",NA,NA,"female",NA,"white","609","W609","orange","739","O739",NA,NA,NA,"1.8","525","190",NA,NA,"265","130","55","52.5","35","17.5",NA,NA,NA,NA,NA,NA,NA,"no",NA,NA,NA,NA,"yes","yes","yes",NA,NA,"yes","yes","no",NA,NA,NA,"No blood data"
NA,"1988","4","5","2:54",NA,"north",NA,"adult","male","nightlighting","blue","285","B285","blue","279","B279",NA,NA,NA,"3000","768","336","18","80.67","309","155","70","66","36.13","20.1","19.55","yellow olive","0","bistre yellow",NA,NA,"0","no","yes","few around edges ","no",NA,"yes","yes","yes",NA,NA,"yes","yes","yes",NA,NA,NA,NA
NA,"1988","4","5","3:58",NA,"north",NA,"adult","male","nightlighting","white","402","W402","white","401","W401",NA,NA,NA,"3000","774","328","17","81.7","305","146","69","63","38.9","20.4","22.54","olive yellow","0","bistre yellow",NA,NA,"0","no","yes","1 on left sac","no",NA,"yes","yes","yes",NA,NA,"yes","yes","yes",NA,NA,NA,"Recap from 1987"
NA,"1988","4","7","11:15",NA,"north",NA,"adult","male",NA,"purple","538","P538","purple","542","P542",NA,NA,NA,NA,"770","312","16","77","321","131","71","68","39.504","21.85","23.9","olive yellow","0","bistre yellow",NA,NA,"0",NA,"yes","left","no",NA,"yes","yes","yes",NA,NA,"yes",NA,NA,NA,"Died 11:51. ","Hyperventilated - very active whole time. Released before complete blood sample because went limp - laid next to truck. ",NA
NA,"1988","4","7","9:27",NA,"north",NA,"adult","male",NA,"yellow",NA,"Y","purple","540","P540",NA,NA,NA,"3225","736.6","330.2",NA,NA,"311.15","135.89","69.85","69.85","41.1","19.7","26","olive yellow","0","olive yellow",NA,NA,"0","no","no",NA,"no",NA,"yes","yes","yes",NA,NA,"yes","yes","yes",NA,NA,NA,"No blood data. "
NA,"1988","4","7","1:24",NA,"north",NA,"adult","male",NA,"yellow",NA,"Y","green","384","G384",NA,NA,NA,"3200","641.35","292.1","19",NA,"317.5","152.4","69.85","73.025","37.6","17.8","26.5","bistre yellow","0","bistre yellow",NA,NA,"0","yes","yes",NA,"no",NA,"yes","yes","yes",NA,NA,"yes","no","no",NA,NA,NA,NA
NA,"1988","4","8",NA,NA,"north",NA,"adult","male",NA,"orange","44","O44","orange","48","O48",NA,NA,NA,"3000","715","375","16",NA,"365","150","72","65","38","21","26","yellow olive","0","bistre yellow",NA,NA,NA,"no","yes",NA,"no",NA,"yes","yes","yes",NA,NA,"yes","yes","no",NA,NA,NA,"Bird was intravenous (?). Lice found on air sac but no number indicated, so replaced with NA. "
NA,"1988","4","8","1:21",NA,"north",NA,"adult","male",NA,"green","302","G302","green","301","G301",NA,NA,NA,"3200","730","374","18","80","365","205","70","63","40","19.3","27.8","olive yellow","0","bistre yellow",NA,NA,NA,"no","yes",NA,"no",NA,"yes","yes","yes",NA,NA,"yes","yes","no",NA,NA,NA,"RECAP 87. Lice found on air sac but no number indicated, so replaced with NA. "
NA,"1988","4","8","1:21",NA,"north",NA,"adult","male",NA,"green","390","G390","white","482","W482",NA,NA,NA,"3200","640","265","19",NA,"300","150","75","64","35","16","23.5","olive yellow","0","bistre yellow",NA,NA,NA,"no","yes",NA,"no",NA,"yes","yes","yes",NA,NA,"yes","yes","no",NA,NA,NA,"RECAP 87. Lice found on air sac but no number indicated, so replaced with NA. "
NA,"1988","4","9","6:45",NA,"north",NA,"adult","male",NA,"orange","9","O9","white","462","W462",NA,NA,NA,"3000","776","311","20",NA,"315","139","70","66","39.93","20.8","22.6","olive yellow","0","bistre yellow",NA,NA,"0","no","yes",NA,"yes",NA,"yes","yes","yes",NA,NA,"yes","yes","yes",NA,NA,NA,NA
NA,"1988","4","9","7:02",NA,"north",NA,"adult","male",NA,"red","102","R102","red","101","R101",NA,NA,NA,"3000","806","318","18",NA,"305","147","68","60","39.2","21.55","21.26","yellow olive","0","bistre yellow",NA,NA,"1","no","yes",NA,"yes",NA,"yes","yes","yes",NA,NA,"yes","yes","yes",NA,NA,NA,NA
NA,"1988","4","11",NA,NA,"north",NA,"adult","male",NA,"yellow","1170","Y1170","blue","960","B960",NA,NA,NA,"3400","740","315",NA,NA,"310","150","70","70","38.5","19.2","27.7","olive yellow","0","bistre yellow",NA,NA,"0","no","no",NA,"no",NA,"yes","yes","yes",NA,NA,"yes","yes","no",NA,NA,NA,NA
NA,"1988","4","13","5:39",NA,"north",NA,"adult","male",NA,"white","432","W432","blue","234","B234",NA,NA,NA,"2900","753","290","16",NA,"302","130","70","65","39.8","20.7","22.65","yellow olive","0","bistre yellow",NA,NA,"0","no","yes","right sac","no",NA,"no","no","no",NA,NA,"no","no","no",NA,NA,NA,"Breeder. Very even sac color, color clear to edges. "
NA,"1988","4","13","5:55",NA,"north",NA,"adult","male",NA,"white","481","W481","green","388","G388",NA,NA,NA,"2800","741","298","17",NA,"300","135","70","69","39","20.8","21.5","yellow olive","0","bistre yellow",NA,NA,"0","no","no",NA,"no",NA,"no","no","no",NA,NA,"no","no","no",NA,NA,NA,"Even sac color"
NA,"1988","4","13","6:10",NA,"north",NA,"adult","male",NA,"green",NA,"G","green",NA,"G",NA,NA,NA,"3100",NA,NA,NA,NA,NA,NA,NA,NA,NA,NA,NA,NA,NA,NA,NA,NA,NA,NA,NA,NA,NA,NA,"no","no","no",NA,NA,"no","no","no",NA,NA,NA,"Recap '87 + 88. "
NA,"1988","4","14","4:30",NA,"north",NA,"juven","male",NA,"orange","3","O3","green","353","G353",NA,NA,NA,"2650","686","238","16",NA,"305","139","69","75","35.82","22.34","22.26","olive yellow","0","chrome yellow",NA,NA,"1","no","yes"," (lots and lots)","yes",NA,"yes","yes","yes",NA,NA,"yes","yes","yes",NA,NA,NA,NA
NA,"1988","4","14","3:20",NA,"north",NA,"juven","male",NA,"green","332","G332","orange","55","O55",NA,NA,NA,"2650","692","233","20",NA,"298","141","68","63","39.2","20.2","20.65","yellow olive, chrome yellow edges","0","bistre yellow",NA,NA,"3","no","yes",NA,"yes",NA,"yes","yes","yes",NA,NA,"yes","yes","no",NA,NA,"Very vocal, very feisty",NA
NA,"1988","4","14","4:05",NA,"north",NA,"adult","male",NA,"orange",NA,"O","orange",NA,"O",NA,NA,NA,"2800",NA,NA,NA,NA,NA,NA,NA,NA,NA,NA,NA,NA,NA,NA,NA,NA,NA,NA,NA,NA,NA,NA,"no","no","no",NA,NA,"no","no","no",NA,NA,NA,"Recap "
NA,"1988","4","14","4:05",NA,"north",NA,"adult","male",NA,"red",NA,"R","red",NA,"R",NA,NA,NA,"3100",NA,NA,NA,NA,NA,NA,NA,NA,NA,NA,NA,NA,NA,NA,NA,NA,NA,NA,NA,NA,NA,NA,"no","no","no",NA,NA,"no","no","no",NA,NA,NA,"Recap"
NA,"1988","4","14","4:10",NA,"north",NA,"adult","male",NA,"orange",NA,"O","white",NA,"W",NA,NA,NA,"2850",NA,NA,NA,NA,NA,NA,NA,NA,NA,NA,NA,NA,NA,NA,NA,NA,NA,NA,NA,NA,NA,NA,"no","no","no",NA,NA,"no","no","no",NA,NA,NA,"Recap"
NA,"1988","4","14","5:12",NA,"north",NA,"adult","male",NA,"white","426","W426","purple","543","P543",NA,NA,NA,"2800","737","294","19",NA,"298","144","69","70","38.65","23.35","21.76","olive yellow","0","bistre yellow",NA,NA,"0","yes","yes","lots","yes","on edge","no","no","no",NA,NA,"no","no","no",NA,NA,NA,"no blood data"
NA,"1988","4","15","5:45",NA,"north",NA,"juven","male",NA,"yellow",NA,"Y","orange","77","O77",NA,NA,NA,"2800","704","247","20",NA,"304","136","68","68","39.28","23.23","23.2","greenish yellow","0","bistre yellow",NA,NA,"0","no","yes",NA,"yes",NA,"no","no","no",NA,NA,"no","no","no",NA,NA,NA,"no blood data"
NA,"1988","4","9","8:32",NA,"north",NA,"adult","female",NA,"blue","253","B253","green","337","G337",NA,"1450",NA,NA,"545","187","16",NA,"267","157","59","58","33.7","33.7","18.25",NA,NA,NA,NA,NA,NA,"no","no",NA,"no",NA,"no","no","no",NA,NA,"yes","no","no","Wings beat up at elbow, no feathers left",NA,NA,"no blood data "
NA,"1988","4","9","8:53",NA,"north",NA,"adult","female",NA,"blue","261","B261","purple","555","P555",NA,NA,NA,"1700","597","211","16",NA,"285","115","56","51","32.2","18.3",NA,NA,NA,NA,NA,NA,NA,"no","no",NA,"no",NA,"yes","yes","yes",NA,NA,"no","no","no","Elbow of wings beat up - no feathers",NA,NA,NA
NA,"1988","4","9","8:30",NA,"north",NA,"adult","female",NA,"green","357","G357","red","135","R135",NA,NA,NA,"1600","518","204",NA,NA,"264","111","59","52","31.65","17.55","18.05",NA,NA,NA,NA,NA,NA,"no",NA,NA,"no",NA,"yes","yes","yes",NA,NA,"yes","no","no",NA,NA,NA,"no blood data"
NA,"1988","4","9","8:45",NA,"north",NA,"adult","female",NA,"red","140","R140","green","331","G331",NA,NA,NA,"1700","578","203",NA,NA,"270","105","60","60","32.65","18.15","17.75",NA,NA,NA,NA,NA,NA,"no",NA,NA,NA,NA,"no","no","no",NA,NA,"no","no","no",NA,NA,NA,"no blood data"
NA,"1988","4","9","7:18",NA,"north",NA,NA,"female",NA,"orange","8","O8","orange","30","O30",NA,NA,NA,"1300","564","203",NA,NA,"261","103","56","53","30.15","18.08","16.75",NA,NA,NA,NA,NA,NA,"no",NA,NA,NA,NA,"yes","yes","yes",NA,NA,"yes","no","yes",NA,NA,NA,"RECAP 87"
NA,"1988","4","9","7:30",NA,"north",NA,"adult","female",NA,"orange","7","O7","green","340","G340",NA,NA,NA,"1550","572","212",NA,NA,"267","106","51","56","32.95","19.05","17.3",NA,NA,NA,NA,NA,NA,"no",NA,NA,NA,NA,"yes","yes","yes",NA,NA,"yes","no","yes","Big sore on left toe",NA,NA,NA
NA,"1988","4","9","7:43",NA,"north",NA,"adult","female",NA,"orange","5","O5","red","144","R144",NA,NA,NA,"1500","573","212",NA,NA,"269","109","60","56","32.75","17.65","17.35",NA,NA,NA,NA,NA,NA,"no",NA,NA,NA,NA,"yes","yes","yes",NA,NA,"yes","no","yes",NA,NA,NA,"(?) male long lake 87"
NA,"1988","4","9","7:55",NA,"north",NA,"adult","female",NA,"white","461","W461","green","354","G354",NA,NA,NA,"1500","455","78",NA,NA,"265","105","59","59","32.15","19.05","16.9",NA,NA,NA,NA,NA,NA,"no",NA,NA,NA,NA,"yes","yes","yes",NA,NA,"yes","no","yes",NA,NA,NA,"no blood data"
NA,"1988","4","9","8:09",NA,"north",NA,"juven","female",NA,"white","456","W456","red","137","R137",NA,NA,NA,"1200","538","198",NA,NA,"264","111","58","61","32.15","19.35","17.55",NA,NA,NA,NA,NA,NA,"no",NA,NA,NA,NA,"yes","yes","yes",NA,NA,"yes","no","no",NA,NA,NA,"no blood data"
NA,"1988","4","9","8:20",NA,"north",NA,"adult","female",NA,"white","463","W463","orange","2","O2",NA,NA,NA,"1700","526","182",NA,NA,"271","113","60","58","33.41","18.6","15.5",NA,NA,NA,NA,NA,NA,NA,NA,NA,NA,NA,"yes","yes","yes",NA,NA,"yes","no","no",NA,NA,NA,"Right wing number - also male tag? "
NA,"1988","4","13","6:12",NA,"north",NA,"adult","female",NA,"orange","57","O57","purple","530","P530",NA,NA,NA,"1700","580","202",NA,NA,"273","106","58","58","32.64","19.3",NA,NA,NA,NA,NA,NA,NA,NA,NA,NA,NA,NA,"no","no","no",NA,NA,"no","no","no",NA,NA,NA,NA
NA,"1988","4","15","6:05",NA,"north",NA,"adult","female",NA,"green","369","G369","blue","238","B238",NA,NA,NA,"1600","551","200",NA,NA,"264","111","57","54","33.58","18.83",NA,NA,NA,NA,NA,NA,NA,NA,NA,NA,NA,NA,"no","no","no",NA,NA,"no","no","no",NA,NA,NA,"no blood data"
NA,"1988","4","15",NA,NA,"north",NA,"adult","female",NA,"yellow",NA,"Y","orange","13","O13",NA,NA,NA,"2000","580","201",NA,NA,"276","117","57","55","33.6","24.23",NA,NA,NA,NA,NA,NA,NA,NA,NA,NA,NA,NA,"no","no","no",NA,NA,"no","no","no",NA,NA,NA,"no blood data. 303-352-5640-8109. "
NA,"1988","4","16","4:38",NA,"sybille_springs",NA,"adult","male",NA,"yellow",NA,"Y","blue","235","B235",NA,NA,NA,"3.15","756","296","20",NA,"306","129","74","74","39.5","23.1","23.2","yellow olive","0","yellow",NA,NA,"0","no","no",NA,"no",NA,"yes","yes","yes",NA,NA,"yes","yes","no",NA,NA,NA,NA
NA,"1988","4","16","4:15",NA,"sybille_springs",NA,"adult","male",NA,"yellow","no","YNO","purple","534","P534",NA,NA,NA,"3.15","790","334","20",NA,"314","126","72","71","38.9","21.4","23.3","olive yellow","0","bistre yellow",NA,NA,"5","no","yes",NA,"no",NA,"yes","yes","yes",NA,NA,"yes","yes","no",NA,NA,NA,"Shot 9-26-88 (?) area 28, legal harvest"
NA,"1988","4","16","4:00",NA,"sybille_springs",NA,"adult","male",NA,"yellow","no","YNO","white","435","W435",NA,NA,NA,"3.2","728","275","11",NA,"303","130","71","71","39","22.5","24.8","olive yellow","0","bistre yellow",NA,NA,"0","no","no",NA,"no",NA,"yes","yes","yes",NA,NA,"yes","yes","no",NA,NA,NA,NA
NA,"1988","4","16","3:00",NA,"sybille_springs",NA,"adult","male",NA,"yellow","no","YNO","green","364","G364",NA,NA,NA,"2.95","740","283","20",NA,"310","122","72","70","39.2","21.4","25.7","olive yellow","0","chrome yellow",NA,NA,"0","no","no",NA,"no",NA,"yes","yes","yes",NA,NA,"yes","yes","no",NA,NA,NA,NA
NA,"1988","4","16","2:35",NA,"sybille_springs",NA,"adult","male",NA,"yellow","no","YNO","red","129","R129",NA,NA,NA,"3.15","790","308","20",NA,"318","127","70","71","38.8","20.6","22.5","apple green","0","yellow",NA,NA,"0","no","yes",NA,"no",NA,"yes","yes","yes",NA,NA,"yes","yes","no",NA,NA,NA,NA
NA,"1988","4","16","2:00",NA,"sybille_springs",NA,"adult","male",NA,"yellow","no","YNO","orange","59","O59",NA,NA,NA,"3.2","764","283","17",NA,"320","136","69","70","40.3","22.3","22.8","yellow olive","0","bistre yellow",NA,NA,"0","no","no",NA,"no",NA,"yes","yes","yes",NA,NA,"yes","yes","no",NA,NA,NA,"no blood data"
NA,"1988","4","17","9:02",NA,"sybille_springs",NA,NA,"male",NA,"orange","732","O732","green","1030","G1030",NA,NA,NA,"3.2","730","310","18",NA,"305","145","65","67.5","39.8","19","29.8","yellow olive","0","greenish yellow",NA,NA,NA,"no","yes",NA,"yes",NA,"yes","yes","yes",NA,NA,"yes","yes","no",NA,NA,NA,"No blood data. Tag found late may 1990, presumed dead. Lice found on air sac but no number indicated, so replaced with NA. "
NA,"1988","4","18","7:30",NA,"sybille_springs",NA,"adult","male","cannon net","white","488","W488","white","487","W487",NA,NA,NA,"3.15","721","328","19",NA,"306","174","65","74","39.7","22.3","24.1","olive yellow","0","olive yellow",NA,NA,"0","no","yes",NA,"no",NA,"yes","yes","yes",NA,NA,"yes","yes","no","Scratch on right air sac",NA,NA,"Recap 1987. Got 1 copulation prior to firing cannon net"
NA,"1988","4","19","3:43",NA,"sybille_springs",NA,"adult","male",NA,"white","618","W618","yellow","1188","Y1188",NA,NA,NA,"3.2","746","342","18",NA,"375","159","65","64","40.15","22.4","26.2","yellow olive","0","bistre yellow",NA,NA,"0","no","no",NA,"no",NA,"yes","yes","yes",NA,NA,"yes","yes","no","Middle five (?) broken in half.",NA,NA,"No blood data. Nice even color on air sac. "
NA,"1988","4","19","4:03",NA,"sybille_springs",NA,"adult","male",NA,"white","619","W619","orange","725","O725",NA,NA,NA,"3","780","309","16",NA,"389","138","62","67","40.6","23.5","24.6","olive yellow","0","bistre yellow",NA,NA,"0","no","yes",NA,"no",NA,"yes","yes","yes",NA,NA,"yes","yes","no","Midding middle and right side tail feathers",NA,NA,NA
NA,"1988","4","16","3:40",NA,"sybille_springs",NA,"juven","female",NA,"yellow","no","YNO","blue","233","B233",NA,NA,NA,"1.8","590","193",NA,NA,"263","111","61","61","32","19",NA,NA,NA,NA,NA,NA,NA,"no",NA,NA,NA,NA,"yes","yes","yes",NA,NA,"yes","yes","no",NA,NA,NA,NA
NA,"1988","4","16","3:25",NA,"sybille_springs",NA,"adult","female",NA,"yellow","no","YNO","purple","546","P546",NA,NA,NA,"1.65","570","178",NA,NA,"254","106","62","64","31.6","18.4",NA,NA,NA,NA,NA,NA,NA,"no",NA,NA,NA,NA,"yes","yes","yes",NA,NA,"yes","yes","no",NA,NA,NA,NA
NA,"1988","4","18","7:30",NA,"sybille_springs",NA,"juven","female",NA,"orange","748","O748","orange","726","O726",NA,NA,NA,"1.65","526","186",NA,NA,"261","142","52","54","33.3","19.3",NA,NA,NA,NA,NA,NA,NA,"no",NA,NA,NA,NA,"yes","yes","yes",NA,NA,"yes","no","no","Missing several tail feathers",NA,NA,"No blood data. "
NA,"1988","4","18","7:50",NA,"sybille_springs",NA,"juven","female",NA,"blue","970","B970","blue","971","B971",NA,NA,NA,"1.85","474","115",NA,NA,"267","129","55","59","32.3","17.9",NA,NA,NA,NA,NA,NA,NA,"no",NA,NA,NA,NA,"yes","yes","yes",NA,NA,"yes","yes","no","Tail bloody",NA,NA,NA
NA,"1988","4","18","8:10",NA,"sybille_springs",NA,"juven","female",NA,"green","1033","G1033","green","1034","G1034",NA,NA,NA,"1.8","428","62",NA,NA,"262","136","51","53","33.35","17.9",NA,NA,NA,NA,NA,NA,NA,"no",NA,NA,NA,NA,"yes","yes","yes",NA,NA,"yes","yes","no",NA,NA,NA,NA
NA,"1988","4","18","8:25",NA,"sybille_springs",NA,"juven","female",NA,"red","871","R871","red","870","R870",NA,NA,NA,"1.65","535","161",NA,NA,"259","124","50","54","34","18.95",NA,NA,NA,NA,NA,NA,NA,"no",NA,NA,NA,NA,"yes","yes","yes",NA,NA,"yes","yes","no",NA,NA,NA,NA
NA,"1988","4","18","8:40",NA,"sybille_springs",NA,"juven","female",NA,"blue","969","B969","red","869","R869",NA,NA,NA,"1.7","571","186",NA,NA,"267","154","53","58","33.2","18.6",NA,NA,NA,NA,NA,NA,NA,"no",NA,NA,NA,NA,"yes","yes","yes",NA,NA,"yes","yes","no",NA,NA,NA,NA
NA,"1988","4","19","3:24",NA,"sybille_springs",NA,"adult","female",NA,"white","616","W616","white","621","W621",NA,NA,NA,"2","542","202",NA,NA,"340","147","54","53","31.35","18.6",NA,NA,NA,NA,NA,NA,NA,"no",NA,NA,NA,NA,"yes","yes","yes",NA,NA,"yes","yes","no",NA,NA,NA,"no blood data"
"1","1988","4","18","~1:00",NA,"viewpoint",NA,NA,"male",NA,"red","851","R851","red","852","R852",NA,NA,NA,"2.35","645","254","18",NA,"314","167","73","62","37.4","21.95","27","olive yellow","no","bistre yellow",2,1,"3","no","yes",NA,"yes",NA,"yes","yes","yes",NA,NA,"yes","yes","no",NA,NA,NA,"Feisty - he bit me"
"2","1988","4","18","1:55",NA,"viewpoint",NA,"adult","male",NA,"red","854","R854","red","961","R961",NA,NA,NA,"3.2","765","357","18 (gap?)",NA,"328","161","67","71","40.55","23.2","28.2","yellow olive","no","bistre yellow",16,3,"19","no","yes",NA,"no",NA,"yes","yes","yes",NA,NA,"yes","yes","no","gap in tail feathers",NA,NA,"Maybe master cock?"
"3","1988","4","18","~1:35",NA,"viewpoint",NA,"adult","male",NA,"red","853","R853","green","1040","G1040",NA,NA,NA,"3.15","746","304","10",NA,"321","169","69","69","40.5","21.2","25.3","olive yellow","no","bistre yellow",0,1,"1","no","no",NA,"yes",NA,"yes","yes","yes",NA,NA,"yes","yes","no",NA,NA,NA,"Combs very wide - very thick neck; maybe master cock"
"4","1988","4","18","2:20",NA,"viewpoint",NA,"adult","male",NA,"red","855","R855","white","646","W646",NA,NA,NA,"3.45","771","315","18",NA,"310","163","71","67","42.7","23.65","27.85","yellow olive","no","bistre yellow",0,2,"2","no","yes",NA,"no",NA,"yes","yes","yes",NA,NA,"yes","yes","no",NA,NA,NA,"Big A-- Bird!!"
"5","1988","4","20","1:50",NA,"viewpoint",NA,NA,"male",NA,"red",NA,"R","white",NA,"W",NA,NA,NA,"3.76482",NA,NA,NA,NA,NA,NA,NA,NA,NA,NA,NA,NA,NA,NA,NA,NA,NA,NA,NA,NA,NA,NA,"no","no","no",NA,NA,NA,NA,NA,NA,NA,NA,"Recap 88. Also saw R/B, but did not catch (male)"
"6","1988","4","20","2:11",NA,"viewpoint",NA,NA,"male",NA,"green","1097","G1097","green","1099","G1099",NA,NA,NA,"3.19329","705","261","17",NA,"321","160","66","71","41.3","23.45","23.05","yellow olive","no","chrome yellow",3,4,"7","no","yes",NA,"yes",NA,"yes","yes","yes",NA,NA,"yes","yes","no","Missing some middle tail feathers",NA,NA,"Air sacs very small and gray"
"7","1988","5","10","7:05",NA,"viewpoint",NA,"adult","male",NA,"yellow","1136","Y1136","orange","752","O752",NA,NA,NA,"3.4473","727","318","19",NA,"311","138","70","69","40.5","24.1","23.05","olive yellow","0","bistre yellow",0,0,"0","yes","yes","+ 1 on each sac","yes",NA,"yes","yes","yes",NA,NA,"yes","yes","no","Middle toe nail - right foot - missing",NA,NA,"No blood data"
"8","1988","5","10","7:25",NA,"viewpoint",NA,"adult","male",NA,"red","854","R854","blue","961","B961",NA,"3.71946",NA,NA,NA,NA,NA,NA,NA,NA,NA,NA,NA,NA,NA,NA,"0",NA,7,1,"8","yes","yes",NA,"yes","1 on edge of rt comb","no","no","no",NA,NA,"yes","yes","no",NA,NA,NA,"RECAP"
"9","1988","5","10","7:35",NA,"viewpoint",NA,"adult","male",NA,"red","853","R853","green","1040","G1040",NA,NA,NA,"3.53802",NA,NA,"11",NA,NA,NA,NA,NA,NA,NA,NA,NA,"0",NA,0,0,"0","yes","no",NA,"no",NA,"no","no","no",NA,NA,"yes","yes","no",NA,NA,NA,"RECAP"
"10","1988","5","10","7:45",NA,"viewpoint",NA,NA,"male",NA,"yellow","1134","Y1134","green","1088","G1088",NA,NA,NA,"2.54012","679","243","20",NA,"321","166","67","67","38.6","22.75","23.6","olive yellow","no","bistre yellow",NA,NA,NA,NA,"++",NA,"yes","? Left","no","no","no",NA,NA,"no","no","no","Lots of tail feathers broken and worn, tears in left air sac",NA,NA,"no blood data"
"11","1988","4","18","~1:20",NA,"viewpoint",NA,NA,"female",NA,"blue","976","B976","white","638","W638",NA,NA,NA,"1.95","544","186",NA,NA,"267","131","55","57","32.3","19.05",NA,NA,NA,NA,NA,NA,NA,"no",NA,NA,NA,NA,"yes","yes","yes",NA,NA,"yes","yes","no",NA,NA,NA,NA
"1","1988","04","04","7:30",NA,"south_fetterman",NA,"adult","male",NA,"yellow",NA,"Y","green","386","G386",NA,NA,NA,"3.05","670","319","18",NA,"300","135","75","70","38.521","19.75","22","olive yellow","0","bistre yellow",NA,NA,NA,"no","yes",NA,"yes",NA,"yes","yes","yes",NA,NA,"yes","yes","yes",NA,NA,NA,"Lice found on air sac but no number indicated, replaced with NA"
"2","1988","04","04","7:30",NA,"south_fetterman",NA,"adult","male","cannon net","yellow",NA,"Y","orange","70","O70",NA,"3.2",NA,NA,"725","350","20",NA,"302","138","70","66","42.665","19.75","28.1","yellow olive","0","bistre yellow",0,0,"0","no","yes",NA,"no",NA,"yes","yes","yes",NA,NA,"yes","yes","no",NA,NA,NA,NA
"3","1988","04","05","7:00",NA,"south_fetterman",NA,"adult","male",NA,"green","385","G385","blue","250","B250",NA,NA,NA,"3.3","745","345","15",NA,"300","160","72","73","37.55","20.81","22.88","bistre yellow","0","bistre yellow",NA,NA,NA,"no","yes",NA,"yes",NA,"yes","yes","yes",NA,NA,"yes","yes","no",NA,NA,NA,"None on back or head. Lice found on air sac but no number indicated, replaced with NA"
"4","1988","04","05","8:00",NA,"south_fetterman",NA,"adult","male",NA,"white","434","W434","red","167","R167",NA,NA,NA,"2.6","742","327","17","76.95","315","106","60","62","36.34","21.61","23.46","olive yellow","0","bistre yellow",0,0,"0","yes","yes","big area on left","yes","lots at edge","yes","yes","yes",NA,NA,NA,NA,NA,NA,NA,NA,NA
"5","1988","04","06","1:50",NA,"south_fetterman",NA,"adult","male","night lighting","white","469","W469","orange","80","O80",NA,NA,NA,"2.875","721","303","17","78.9","317","144","69","60","35.5","23.05","21.15","olive yellow","0","bistre yellow",16,4,"20","no","yes","bottom edge of left, right sac ","yes","around edges","yes","yes","yes",NA,NA,"yes","yes","yes",NA,NA,NA,NA
"6","1988","04","15","3:48",NA,"south_fetterman",NA,"juven","male",NA,"purple","551","P551","green","366","G366",NA,NA,NA,"3.71946","708","299","16",NA,"307","157","70","69","39.5","23.1","25.1","olive yellow","0","bistre yellow",NA,NA,"2","no","yes",NA,"no",NA,"yes","yes","yes",NA,NA,"yes","yes","no",NA,NA,NA,NA
"7","1988","04","15","4:09",NA,"south_fetterman",NA,"juven","male",NA,"red","177","R177","blue","249","B249",NA,NA,NA,"3.76482","752","321","17",NA,"296","160","67","66","37.8","22.4","27.05","olive yellow","0","bistre yellow",NA,NA,NA,"no","yes",NA,"no",NA,"yes","yes","yes",NA,NA,"yes","yes","no","Huge scab on left air sac",NA,NA,NA
"8","1988","04","16","2:05",NA,"south_fetterman",NA,NA,"male",NA,"yellow","no","YNO","green","386","G386",NA,NA,NA,NA,NA,NA,NA,NA,NA,NA,NA,NA,NA,NA,NA,NA,NA,NA,NA,NA,NA,NA,NA,NA,NA,NA,"yes","no","no",NA,NA,"no","no","no",NA,NA,NA,"RECAPTURE. Tag feather trimmed. Feather underwing still bloody recent capture"
"9","1988","04","16","2:00",NA,"south_fetterman",NA,"juven","male",NA,"purple","551","P551","green","366","G366",NA,NA,NA,NA,NA,NA,NA,NA,NA,NA,NA,NA,NA,NA,NA,NA,NA,NA,NA,NA,NA,NA,NA,NA,NA,NA,"yes","no","no",NA,NA,"no","no","no",NA,NA,NA,"RECAPTURE. Not measured again. Still bloody under the arm from blood sampling"
"10","1988","04","11","0:50",NA,"south_fetterman",NA,"adult","female",NA,"red","176","R176","green","365","G365",NA,"2.2",NA,NA,"546","184",NA,NA,"273","124","53","56","32","17.1",NA,NA,NA,NA,NA,NA,NA,NA,NA,NA,NA,NA,"yes","yes","yes",NA,NA,"yes","yes","no",NA,NA,NA,"Very light in color + mottled"
"11","1988","04","11","1:10",NA,"south_fetterman",NA,"juven","female",NA,"purple","554","P554","orange","35","O35",NA,"1.8",NA,NA,"542","183",NA,NA,"266","118","53","57","31.6","19.9",NA,NA,NA,NA,NA,NA,NA,NA,NA,NA,NA,NA,"yes","yes","yes",NA,NA,"yes","yes","no",NA,NA,NA,NA
"12","1988","04","15","4:30",NA,"south_fetterman",NA,"adult","female",NA,"green","367","G367","orange","47","O47",NA,NA,NA,"2.26796","542","172",NA,NA,"266","135","60","56","32.2","17.85",NA,NA,NA,NA,NA,NA,NA,NA,NA,NA,NA,NA,"yes","yes","yes",NA,NA,"yes","yes","no",NA,NA,NA,"No blood data"
