"lek_number","lek_name","year","month","day","time","prop_time","left_tag_color","left_tag_number","left_tag_code","right_tag_color","right_tag_number","right_tag_code","age","weight_g_with_bag","total_length_mm","tail_length_mm","wing_length_mm","keel_length_mm","tarsus_length_mm","toe_length_mm","comb_length_mm","bill_length_mm","bill_depth_mm","comb_color","air_sac_color","hematomas_combs","hematomas_air_sacs","breed","lice_back_of_head","lice_present_on_combs","lice_number__on_combs","lice_present_on_air_sacs","lice_number_on_air_sacs","diarrhea","fecal_samples_mites","fecal_samples_spores","fecal_samples_coccidia","blood_tryps","blood_plasm","blood_pcv_mm","total_volume_mm","days_lek_observed","days_on_lek","proportion_of_days_on_lek","comments"
"6","broken_wing","1987","04","06",NA,NA,"red","118","R118",NA,NA,NA,"juv","3350","751","295","295","150","73","71","20.65","38.9","23.8","yellow olive","bistre yellow","no","no",NA,"no",NA,NA,NA,NA,NA,"no","yes","no","no",NA,"7.5","15.5",NA,NA,NA,"broken right wing"
"2","north_lek","1987","03","14",NA,NA,"white","403","W403","orange","1","O1","adult","3400","732","295","308","129","70","69","18.9","36.8","21.5",NA,NA,NA,NA,"no",NA,NA,NA,NA,NA,NA,"no","no","no",NA,"no",NA,NA,"18","10","0.555555556",NA
"2","north_lek","1987","03","14",NA,NA,"red","103","R103","orange","2","O2","adult","3250","720","294","300","130","71","74","23","39.8","23.2",NA,NA,NA,NA,"no",NA,NA,NA,NA,NA,NA,"no","no","no",NA,"no",NA,NA,"18","14","0.777777778",NA
"8","mud_springs","1987","04","26","5:58",0.248611111111111,"orange","22","O22","orange","11","O11","juv","2700","695","280","321","133","70","65","22.1","40.55","23.7","olive yellow","bistre yellow","no","yes","no","no","no","0","no","0",NA,NA,NA,NA,NA,"yes",NA,NA,NA,NA,NA,"scab on left sac"
"4","south_fetterman","1987","04","12","4:15",0.177083333333333,"white","497","W497","orange","29","O29","adult","3100","739","295","310","122","65","68","25","37.4","21.7","green","yellow","no","no","no","no","no","0","no","0",NA,"no","no","no","no","no","9.5","12","4","2","0.5",NA
"8","mud_springs","1987","04","09","6:30",0.270833333333333,"green","391","G391","orange","33","O33","adult","3400","765","331","321","138","75","75","24.9","38.8","22.9","yellow green","yellow","no","no","no","no","no","0","no","0","yes",NA,NA,NA,"no","no","8.5","14","8","3","0.375",NA
"8","mud_springs","1987","04","09","5:15",0.21875,"red","197","R197","orange","36","O36","adult","3400","767","290","310","134","71","69","24.5","37.4","22.2","yellow green","yellow","no","yes","no","no","no","0","yes","1",NA,NA,NA,NA,"no","no","4","16.5","8","1","0.125",NA
"8","mud_springs","1987","04","09","5:40",0.236111111111111,"blue","272","B272","orange","40","O40","adult","3300","796","303","315","130","70","72","23.5","38","22.8","green","yellow green","no","yes","no","no","no","0","no","0",NA,NA,NA,NA,"no","no","6","11","8","1","0.125",NA
"8","mud_springs","1987","04","09","7:00",0.291666666666667,"white","443","W443","orange","41","O41","adult","3500","784","301","319","133","69","75","25.3","38.7","21.9","yellow green","yellow","yes","yes","no","no","no","0","no","0",NA,NA,NA,NA,"no","yes","6.5","13.5",NA,NA,NA,NA
"8","mud_springs","1987","04","09","6:00",0.25,"purple","569","P569","orange","42","O42","adult","3300","771","301","312","134","71","70","22.4","36.8","21.5","yellow green","yellow","yes","no","no","no","no","0","no","0",NA,NA,NA,NA,"no","no","5","11.5",NA,NA,NA,NA
"1","long_lake","1987","04","18","4:00",0.166666666666667,"blue","260","B260","orange","81","O81","adult","3000","783","317","320","130","70","73","23.1","38","22.1","yellow","yellow","no","no","no","no","no","0","yes","1",NA,"yes","yes","no","no","no","16","30.5","8","2","0.25","thin, breast muscles small"
"1","long_lake","1987","04","18","4:25",0.184027777777778,"white","485","W485","orange","82","O82","adult","2900","718","260","312","134","70","72","23.1","36.3","21","yellow/green","yellow/gray","yes","no","no","no","no","0","no","0",NA,"yes","yes","no","no","yes","11.5","32.5","8","1","0.125",NA
"4","south_fetterman","1987","04","16","5:50",0.243055555555556,"red","184","R184","orange","85","O85","juv","2900","768","267","310","135","67","68","25","35.8","21.6","yellow","yellow","no","no","no","no","no","0","no","0",NA,"no","yes","no","no","no","7","29.5","3","1","0.333333333",NA
"5","cordingly","1987","04","16","3:55",0.163194444444444,"orange","91","O91","orange","90","O90","adult","2900",NA,NA,NA,NA,NA,NA,NA,NA,NA,NA,NA,NA,NA,"no",NA,NA,NA,"yes","25",NA,"no","yes","no","no","no","10","23",NA,NA,NA,NA
"5","cordingly","1987","04","11","3:40",0.152777777777778,"orange","91","O91","orange","90","O90","adult","3100","742","282","310","136","71","71","22.7","37.6","20.8","yellow/green","yellow","yes","yes","no","yes","no","0","no","0",NA,"no","yes","no","no","no","8","10.5",NA,NA,NA,NA
"4","south_fetterman","1987","04","12","3:30",0.145833333333333,"orange","96","O96","orange","95","O95","adult","3400","777","326","313","130","69","72","22.5","36.6","22.1","yellow/green","yellow/green","no","no","no","no","no","0","no","0",NA,"no","yes","no","no","no","5","20",NA,NA,NA,NA
"2","north_lek","1987","03","13",NA,NA,"red","102","R102","red","101","R101","adult","3500","794","313","308","130","72","67","19.9","35.7","21.2",NA,NA,NA,NA,"no",NA,NA,NA,NA,NA,NA,"no","no","no",NA,"no",NA,NA,"18","13","0.722222222","fiesty"
"5","cordingly","1987","04","16","3:45",0.15625,"red","196","R196","red","108","R108","adult","2900",NA,NA,NA,NA,NA,NA,NA,NA,NA,NA,"yellow",NA,"yes","no",NA,NA,NA,"yes","7",NA,"no","yes","no","no","no","12","30",NA,NA,NA,NA
"5","cordingly","1987","04","08","3:00",0.125,"red","196","R196","red","108","R108","adult","3250","770","293","306","136","71","72","25","40.6","22.2","yellow","yellow","no","yes","no","no","no","0","no","0",NA,"no","yes","no","no","no","3","12.5","3","1","0.333333333",NA
"2","north_lek","1987","03","27",NA,NA,"white","450","W450","red","110","R110","adult","3400","753","316","312","138","70","71","22.5","36.7","21.3","green",NA,NA,NA,"no",NA,"no","0","no","0",NA,"yes","yes","no",NA,"yes",NA,NA,"18","1","0.055555556",NA
"8","mud_springs","1987","04","12","4:32",0.188888888888889,"red","113","R113","red","111","R111","adult","3000","740","319","322","121","73","67","23.1","38.45","22.5","olive yellow","bistre yellow","no","yes","no","no","no","0","no","0",NA,NA,NA,NA,NA,"no",NA,NA,"7","1","0.142857143",NA
"8","mud_springs","1987","04","12","6:45",0.28125,"orange","24","O24","red","114","R114","adult","3200","680","320","312","145","75","69","25.1","39.6","23.5","olive yellow","bistre yellow","no","no","no","no","no","0","no","0","yes",NA,NA,NA,"no","no","7.5","11.5",NA,NA,NA,NA
"6","broken_wing","1987","04","07",NA,NA,"white","412","W412","red","117","R117","juv","2800","700","280","291","131","72","60","18.9","34.9","20.65","olive yellow","lemon/bistre yellow","yes","yes","no","no","yes","1","no","0",NA,"no","yes","no","no","no","10.5","15","7","2","0.285714286",NA
"6","broken_wing","1987","04","07",NA,NA,"purple","521","P521","red","121","R121","juv","3400","729","295","294","133","73","66","24.6","38.15","22.9","olive yellow","bistre yellow","no","yes","no","no","no","0",NA,NA,NA,"no","yes","no","no","no","3","5","7","3","0.428571429",NA
"6","broken_wing","1987","04","14","4:06",0.170833333333333,"purple","521","P521","red","121","R121","juv","3050",NA,NA,NA,NA,NA,NA,NA,NA,NA,NA,NA,"no","no","no","yes","no","0","no","0",NA,"no","yes","no","no","yes","14","27.5",NA,NA,NA,"big red blotches back of head"
"7","sybille_springs","1987","04","08","4:28",0.186111111111111,"red","125","R125","red","122","R122","adult","3500","780","338","306","147","69","68","23.25","42.75","24.1","olive yellow","chrome yellow","yes","yes","no","no","no","0","no","0",NA,NA,NA,NA,"no","yes","8","14.5",NA,NA,NA,NA
"4","south_fetterman","1987","04","13","3:42",0.154166666666667,"red","190","R190","red","179","R179","adult","3200","765","302","335","130","69","71","24.1","36.1","21.5","yellow/green","yellow","no","yes","no","no","no","0","yes","2",NA,"no","yes","no","no","no","8","11.5",NA,NA,NA,NA
"1","long_lake","1987","04","18","5:50",0.243055555555556,"blue","257","B257","red","180","R180","adult","3125","795","305","322","132","67","69","23.8","37","21.6","yellow/green","yellow","no","no","no","no","no","0","no","0",NA,"no","yes","no","no","no","3","21.5","8","1","0.125",NA
"1","long_lake","1987","04","18","5:30",0.229166666666667,"orange","83","O83","red","182","R182","adult","2950","730","229","303","135","71","69","23.1","40.8","22.1","yellow/green","yellow","yes","yes","no","no","no","0","no","0",NA,"yes","no","no","no","no","5","31","8","1","0.125","fiesty"
"1","long_lake","1987","04","18","5:05",0.211805555555556,"white","486","W486","red","185","R185","adult","3000","745","270","305","132","70","70","21.7","39","22.7","green","yellow/gray","yes","no","no","no","no","0","no","0",NA,"yes","yes","no","no","no","15","27.5","8","5","0.625","fiesty"
"3","windmill_dam","1987","04","03",NA,NA,"purple","572","P572","red","195","R195","adult","3000","751","293","289","129","65","69","23.7","33.9","19.5",NA,NA,"yes","no","no","yes",NA,NA,NA,NA,NA,"no","no","no","no","no","8","17","4","1","0.25",NA
"3","windmill_dam","1987","04","15","5:05",0.211805555555556,"purple","572","P572","red","195","R195","adult","2700",NA,NA,NA,NA,NA,NA,NA,NA,NA,NA,NA,NA,NA,"no",NA,NA,NA,"yes","1",NA,"no","no","no","no","no","11","13",NA,NA,NA,NA
"3","windmill_dam","1987","04","03",NA,NA,"green","400","G400","red","198","R198","adult","3300","757","287","297","128","72","71","23","36.5","21.6",NA,NA,NA,NA,"no",NA,"no","0","yes","1",NA,"yes","yes","no","no","no","8","19","4","1","0.25",NA
"6","broken_wing","1987","04","09",NA,NA,"orange","21","O21","orange","20","O20","adult","3250","726","323","320","143","78","67","25.55","40","22.65","olive yellow","bistre yellow","no","yes","no","no","no","0","yes","1",NA,"no","yes","no","no","yes","13","18.5","7","3","0.428571429",NA
"9","mule_creek_junction","1987","03","31","3:12",0.133333333333333,"orange","34","O34","red","200","R200","juv","2800","717","241","290","133","70","68","23.3","36","22.2",NA,NA,NA,NA,"no",NA,NA,NA,"yes","1",NA,"no","yes","no","no","no","6.5","13",NA,NA,NA,NA
"2","north_lek","1987","03","13",NA,NA,"blue","201","B201","blue","202","B202","adult",NA,"790","316","295","135","70","71","24","35.7","21.9",NA,NA,NA,NA,"no",NA,NA,NA,NA,NA,NA,"no","no","no",NA,"yes",NA,NA,"18","15","0.833333333","pleasant"
"1","long_lake","1987","03","16",NA,NA,"purple","504","P504","blue","204","B204","juv","2500","684","239","303","127","70","71","17","37.5","19.6","apple green",NA,NA,NA,"no",NA,NA,NA,NA,NA,NA,"no","yes","no",NA,"no",NA,NA,NA,NA,NA,NA
"1","long_lake","1987","03","18",NA,NA,"blue","207","B207","blue","206","B206","adult","3300","743","300","288","129","72","73","24.1","36.8","21",NA,NA,"yes","no","no","yes",NA,NA,NA,NA,NA,"yes","yes","no","no","no",NA,NA,NA,NA,NA,"stressed out prior to release"
"2","north_lek","1987","03","28",NA,NA,"white","410","W410","blue","209","B209","juv","2500",NA,NA,NA,NA,NA,NA,NA,NA,NA,NA,NA,NA,NA,"no",NA,NA,NA,NA,NA,NA,"no","yes","no",NA,"no",NA,NA,NA,NA,NA,NA
"2","north_lek","1987","03","27",NA,NA,"white","410","W410","blue","209","B209","juv","2750","720","230","290","137","69","72","21.4","39","22.1","yellow",NA,NA,NA,"no",NA,NA,NA,NA,NA,"yes","yes","yes","no",NA,"no",NA,NA,NA,NA,NA,NA
"1","long_lake","1987","04","05",NA,NA,"orange","16","O16","blue","214","B214","adult","3800","774","309","316","135","71","68","25.1","38.85","23.95","apple green","chrome yellow","no","yes","no","no","no",NA,"no",NA,NA,"no","yes","no","no","no","10","14","16","6","0.375",NA
"8","mud_springs","1987","04","11","4:05",0.170138888888889,"blue","221","B221","blue","215","B215","adult","3200","695","328","311","146","71","67","21.9","40.4","22","olive yellow","bistre yellow","yes","yes","no","no","no","0","no","0",NA,NA,NA,NA,"no","no","12","16",NA,NA,NA,NA
"1","long_lake","1987","04","05",NA,NA,"white","422","W422","blue","216","B216","adult","3000","710","292","320","146","70","77","24","36.3","22",NA,NA,NA,NA,"no","no","no",NA,"yes",NA,NA,"no","yes","no","no","yes","11","18.5",NA,NA,NA,NA
"7","sybille_springs","1987","04","08","3:45",0.15625,"blue","220","B220","blue","219","B219","adult","3500","725","318","306","133","69","68","24.2","39.2","22.95","olive yellow","bistre yellow","yes","yes","no","no","no","0","yes","1",NA,NA,NA,NA,"no","no","6.5","12.5",NA,NA,NA,NA
"8","mud_springs","1987","04","11","3:47",0.157638888888889,"white","425","W425","blue","223","B223","adult","3000","720","300","300","128","64","65","25.7","38.2","22.7","olive yellow","bistre yellow","yes","no","no","no","no","0","yes","1",NA,NA,NA,NA,"no","no","7.5","11",NA,NA,NA,NA
"6","broken_wing","1987","04","10","2:51",0.11875,"red","124","R124","blue","224","B224","adult","3350","733","304","313","153","70","62","26.4","39.5","23.95","olive yellow","bistre yellow","no","no","no","no","no","0","no","0",NA,"no","yes","no","no","yes","3","12.5","6","1","0.166666667","air sacs even color"
"2","north_lek","1987","04","19","7:10",0.298611111111111,"white","478","W478","blue","252","B252","adult","3050","763","280","296","132","70","68","23.2","37.7","21.1","yellow/green","yellow/green","yes","yes","no","no","no","0","no","0",NA,"no","yes","no","no","yes","10","17","2","1","0.5",NA
"1","long_lake","1987","04","18","7:15",0.302083333333333,"purple","559","P559","blue","256","B256",NA,"2700","715","235","309","140","70","73","21.7","36.5","21.3","yellow","yellow","yes","no","no","no","no","0","no","0",NA,"no","yes","no","no","no","11","32.5",NA,NA,NA,"fiesty"
"4","south_fetterman","1987","04","12","4:35",0.190972222222222,"white","493","W493","blue","259","B259","adult","3400","790","310","326","139","65","71","23.5","37.7","22.5","green","yellow","yes","yes","no","no","no","0","no","0",NA,"no","yes","no","no","no","12.5","19","4","2","0.5",NA
"4","south_fetterman","1987","04","13",NA,NA,"orange","89","O89","blue","262","B262","adult","3400","818","316","319","131","70","68","25.5","38.7","22.7","yellow","yellow","no","no","no","no","no","0","no","0",NA,"no","yes","no","no","no","9","15",NA,NA,NA,NA
"4","south_fetterman","1987","04","17","2:15",0.09375,"orange","89","O89","blue","262","B262","adult","2900",NA,NA,NA,NA,NA,NA,NA,NA,NA,NA,NA,NA,NA,"no",NA,NA,NA,NA,NA,NA,"no","yes","no","no","no","7.5","21.5",NA,NA,NA,NA
"4","south_fetterman","1987","04","12","3:35",0.149305555555556,"blue","266","B266","blue","263","B263","adult","3400","785","345","308","140","69","70","23.1","35.4","21.4","yellow/green","yellow","no","no","no","no","no","0","yes","1",NA,"no","yes","no","no","no","6","16.5","4","1","0.25",NA
"4","south_fetterman","1987","04","17","3:42",0.154166666666667,"blue","266","B266","blue","263","B263","adult","2800",NA,NA,NA,NA,NA,NA,NA,NA,NA,NA,NA,NA,NA,"no",NA,NA,NA,NA,NA,NA,"no","yes","no","no","yes","7.5","24",NA,NA,NA,NA
"5","cordingly","1987","04","11","4:00",0.166666666666667,"blue","265","B265","blue","264","B264","juv","2900","682","234","307","130","70","69","22.5","37.3","22.2","yellow/green","yellow/green","no","no","no","no","no","0","no","0",NA,"no","yes","no","no","yes","8","11.5",NA,NA,NA,NA
"8","mud_springs","1987","04","09","7:20",0.305555555555556,"red","192","R192","blue","267","B267","adult","3200","777","328","310","133","70","68","22.9","38.4","22.6","yellow green","yellow","no","yes","no","yes","no","0","no","0",NA,NA,NA,NA,"no","no","6.5","16","8","4","0.5",NA
"3","windmill_dam","1987","04","03",NA,NA,"orange","32","O32","blue","268","B268","adult","3300","770","300","301","130","66","68","21.7","38.4","22.7",NA,NA,NA,"yes","no",NA,NA,NA,"yes","1",NA,"no","yes","no","no","no","10","20","4","1","0.25",NA
"1","long_lake","1987","04","10","5:00",0.208333333333333,"red","191","R191","blue","269","B269","adult","3400","762","310","304","137","70","73","23.8","38.5","22.5","green","yellow/green","yes","no","no","no","no","0","no","0",NA,"no","yes","no","no","no","7","13","14","3","0.214285714",NA
"2","north_lek","1987","04","04",NA,NA,"green","399","G399","blue","270","B270","juv","2700","607","271","291","140","70","64","22.4","38.01","20.77","yellow","yellow/gray","no","yes","no","no",NA,NA,NA,NA,NA,"no","yes","no","no","no","8","18",NA,NA,NA,NA
"4","south_fetterman","1987","04","17","4:25",0.184027777777778,"red","149","R149","blue","289","B289","adult","2850","806","341","300","140","74","65","21.7","39.2","27.55","olive yellow","bistre yellow","no","no","no","no","no","0","yes","1",NA,"no","yes","no","no","yes","10","24.5","2","1","0.5",NA
"7","sybille_springs","1987","04","15","4:20",0.180555555555556,"red","123","R123","blue","291","B291","juv","2300","633","247","293","138","70","71","21.65","37.6","24.8","yellow olive","bistre yellow","yes","yes","no","no","no","0","no","0",NA,NA,NA,NA,NA,"no",NA,NA,NA,NA,NA,"sacsgray at edges"
"7","sybille_springs","1987","04","17",NA,NA,"orange","25","O25","blue","292","B292","adult","3100",NA,NA,NA,NA,NA,NA,NA,NA,NA,NA,NA,NA,NA,"no",NA,NA,NA,"no","0",NA,NA,NA,NA,"no","no","8","30",NA,NA,NA,NA
"7","sybille_springs","1987","04","15","5:20",0.222222222222222,"orange","25","O25","blue","292","B292","adult","3100","742","335","328","148","75","68","23.5","37.65","22.9","yellow olive","bistre yellow","yes","yes","no","no","no","0","no","0",NA,NA,NA,NA,NA,"yes",NA,NA,NA,NA,NA,"even sac color"
"7","sybille_springs","1987","04","17","5:46",0.240277777777778,"purple","597","P597","blue","295","B295","adult","3100",NA,NA,NA,NA,NA,NA,NA,NA,NA,NA,NA,NA,NA,"no",NA,NA,NA,"no","0","yes",NA,NA,NA,NA,"yes",NA,NA,NA,NA,NA,NA
"7","sybille_springs","1987","04","15","4:55",0.204861111111111,"purple","597","P597","blue","295","B295","adult","3100","721","339","321","128","72","68","22.97","40.4","20.7","yellow olive","bistre yellow","no","yes","no","no","no","0","no","0",NA,NA,NA,NA,NA,"no",NA,NA,NA,NA,NA,"even sac color"
"7","sybille_springs","1987","04","15","4:39",0.19375,"green","345","G345","blue","296","B296","juv","2600","569","219","307","130","72","68","24.8","38.75","22.4","olive yellow","bistre yellow","yes","yes","no","no","no","0","yes","3",NA,NA,NA,NA,NA,"no",NA,NA,NA,NA,NA,NA
"8","mud_springs","1987","04","12","5:50",0.243055555555556,"purple","600","P600","blue","297","B297","juv","3000","660","270","307","135","70","69","22.1","39.4","22.1","yellow olive","bistre yellow","yes","yes","no","no","no","0","yes","5","yes",NA,NA,NA,NA,"no",NA,NA,"7","3","0.428571429",NA
"8","mud_springs","1987","04","12",NA,NA,"orange","13","O13","blue","298","B298","adult","3200","730","231","313","127","71","68","25.65","36.75","23.6","olive green","bistre yellow","yes","yes","no","yes","no","0","yes","4",NA,NA,NA,NA,"no","no","9.5","14.5","7","1","0.142857143","blood under left wing"
"7","sybille_springs","1987","04","15","3:47",0.157638888888889,"white","417","W417","blue","299","B299","adult","3000","780","338","325","127","71","61","25.45","41.4","25.15","olive yellow","bistre yellow","no","yes","no","yes","no","0","no","0",NA,NA,NA,NA,NA,"yes",NA,NA,"7","3","0.428571429",NA
"8","mud_springs","1987","04","12",NA,NA,"green","350","G350","blue","300","B300","adult","3200","697","325","311","129","75","66","25.5","39.9","22.3","olive yellow","bistre yellow","no","yes","no","no","no","0","no","0",NA,NA,NA,NA,NA,"no",NA,NA,"7","1","0.142857143",NA
"2","north_lek","1987","04","19","7:30",0.3125,"green","302","G302","green","301","G301","adult","3000",NA,NA,NA,NA,NA,NA,NA,NA,NA,NA,NA,NA,NA,"no",NA,"no","0","no","0",NA,"no","yes","no","no","no","10.5","21.5","18","4","0.222222222",NA
"2","north_lek","1987","03","13",NA,NA,"green","302","G302","green","301","G301","adult","3400","790","303","312","121","70","71","20.7","36.6","21.7",NA,NA,NA,NA,"no",NA,NA,NA,NA,NA,NA,"no","no","no",NA,"yes",NA,NA,NA,NA,NA,"fiesty"
"1","long_lake","1987","03","18",NA,NA,"green","305","G305","green","304","G304","juv","2400","703","248","310","129","68","73","20.3","36.1","21.1",NA,NA,"no","no","no",NA,"no",NA,"no",NA,NA,"yes","yes","no","no","no",NA,NA,NA,NA,NA,"gray tongue"
"6","broken_wing","1987","04","05",NA,NA,"white","448","W448","green","307","G307","adult","3100","767","300","318","129","70","70","22.3","37.5","21.5",NA,NA,NA,NA,"no",NA,"no","0","no","0",NA,"yes","yes","no","no","no","6","16","7","1","0.142857143",NA
"6","broken_wing","1987","04","07",NA,NA,NA,NA,NA,"green","311","G311","adult","3350","730","331","314","152","75","61","25.15","36.9","22.75","yellow olive","bistre yellow","no","yes","no","no",NA,NA,NA,NA,NA,"no","yes","no","no","no","8.5","16",NA,NA,NA,NA
"6","broken_wing","1987","04","14","4:45",0.197916666666667,"blue","217","B217","green","312","G312","adult","3150",NA,NA,NA,NA,NA,NA,NA,NA,NA,NA,NA,"no","yes","no","no","no","0","no","0",NA,"no","yes","no","no","no","10","24.5","7","5","0.714285714","left sac covered hematomas"
"6","broken_wing","1987","04","07",NA,NA,"blue","217","B217","green","312","G312","adult","3500","748","285","311","120","76","74","26.8","36.9","21.05","yellow olive","bistre yellow","no","yes","no","no",NA,NA,NA,NA,NA,"no","yes","no","no","yes","12","23.5",NA,NA,NA,NA
"6","broken_wing","1987","04","07",NA,NA,"orange","17","O17","green","313","G313","adult","3400","820","332","306","141","72","70","23.6","39.95","22.05","yellow olive","bistre yellow","no","no","no","no",NA,NA,NA,NA,NA,"no","yes","no","no","no","8","13.5",NA,NA,NA,NA
"6","broken_wing","1987","04","09","4:05",0.170138888888889,"green","315","G315","green","314","G314","adult","3350","788","317","325","146","72","76","25.9","39.95","22.55","yellow olive","bistre yellow","yes","no","no","no","no","0","no","0",NA,"no","yes","no","no","no","9.5","18","7","2","0.285714286",NA
"8","mud_springs","1987","04","11","4:20",0.180555555555556,"green","312","G312","green","316","G316","adult","3200","650","309","316","126","67","61","26.1","37.6","23.8","greenish yellow","bistre yellow","no","no","no","no","no","0","no","0",NA,NA,NA,NA,"no","no","8","13.5","7","1","0.142857143",NA
"1","long_lake","1987","04","02",NA,NA,"orange","14","O14","green","322","G322","adult","2900","696","294","307","145","65","72","23.5","37.6","23.4",NA,NA,"no","yes","no","no","no",NA,"no",NA,NA,"no","yes","no","no","no",NA,NA,NA,NA,NA,"fiesty"
"7","sybille_springs","1987","04","01",NA,NA,"red","119","R119","green","323","G323","adult","2850","687","230","315","110","64","69","25.3","38.8","26.1","apple green","bright yellow","no","yes","no","no",NA,NA,NA,NA,NA,"no","yes","no","no","no","18","32.5",NA,NA,NA,NA
"1","long_lake","1987","03","19",NA,NA,"blue","213","B213","green","324","G324","adult","3250","826","355","318","141","73","65","22","36.8","24.1","yellowish/green",NA,"yes","yes","no","yes","yes",NA,"no",NA,NA,"yes","yes","no","no","no",NA,NA,NA,NA,NA,"growth,rt tarsus, deformed ft"
"1","long_lake","1987","04","18","4:40",0.194444444444444,"white","419","W419","green","325","G325","adult","3100",NA,NA,NA,NA,NA,NA,NA,NA,NA,NA,NA,NA,"yes","no",NA,NA,NA,"yes","6",NA,"yes","yes","no","no","no","9","22",NA,NA,NA,NA
"1","long_lake","1987","03","19",NA,NA,"white","419","W419","green","325","G325","adult","3300","733","288","310","123","63","69","22.3","37.4","21.9","green","bistre-yellow","yes","yes","no","yes","no",NA,"yes",NA,NA,"yes","yes","no","no","no",NA,NA,"19","12","0.631578947","nice guy"
"8","mud_springs","1987","04","12",NA,NA,"purple","593","P593","green","349","G349","adult","3500","790","351","310","140","69","66","25.15","41","25.6","yellow olive","bistre yellow","no","no","no","no",NA,NA,NA,NA,NA,NA,NA,NA,"no","no","7.5","10.5",NA,NA,NA,NA
"2","north_lek","1987","04","19","7:30",0.3125,"white","481","W481","green","388","G388","juv","2700","715","234","287","131","69","69","24.5","38.5","21.4","green","yellow","yes","yes","no","no","no","0","no","0",NA,"no","yes","no","no","yes","8.5","19",NA,NA,NA,NA
"5","cordingly","1987","04","16","4:40",0.194444444444444,"green","396","G396","green","392","G392","adult","3000",NA,NA,NA,NA,NA,NA,NA,NA,NA,NA,NA,NA,NA,"no",NA,NA,NA,"yes","9",NA,"no","yes","no","no","no","10","26",NA,NA,NA,NA
"5","cordingly","1987","04","08","3:30",0.145833333333333,"green","396","G396","green","392","G392","adult","3000","810","320","325","133","71","73","22.4","38.5","22.1","green","yellow","no","yes","no","no","no","0","yes","7",NA,"no","yes","no","no","yes","5.5","10","3","2","0.666666667",NA
"5","cordingly","1987","04","19","0:15",0.0104166666666667,"green","396","G396","green","392","G392","adult","2900",NA,NA,NA,NA,NA,NA,NA,NA,NA,NA,NA,NA,NA,"no",NA,NA,NA,"yes","93",NA,"no","yes","no","no","no","11","21",NA,NA,NA,NA
"1","long_lake","1987","04","10","7:30",0.3125,"purple","562","P562","green","393","G393","adult","2950","690","240","312","131","71","72","19.5","39.1","21.5","yellow/green","yellow","yes","yes","no","no","no","0","no","0","yes","no","yes","no","no","no","9","13.5","14","2","0.142857143",NA
"4","south_fetterman","1987","04","12","5:00",0.208333333333333,"green","395","G395","green","394","G394","adult","3100","675","239","306","133","69","70","23.5","38.5","21.8","yellow/green","greyish yellow","yes","yes","no","no","no","0","no","0",NA,"no","yes","no","no","yes","11","15",NA,NA,NA,NA
"2","north_lek","1987","04","04",NA,NA,"purple","573","P573","green","398","G398","adult","3400","751","329","309","150","72","65","27.36","39.96","20.88","yellow/green","bright yellow","no","yes","no","no",NA,NA,NA,NA,NA,"no","yes","no","no","yes","4","22","15","11","0.733333333",NA
"1","long_lake","1987","03","16",NA,NA,"purple","503","P503","orange","4","O4","adult","3500","780","319","312","132","71","73","22.6","37","21.5",NA,NA,"no","yes","no",NA,NA,NA,"yes",NA,NA,"no","yes","no",NA,"no",NA,NA,NA,NA,NA,NA
"2","north_lek","1987","03","14",NA,NA,"white","402","W402","white","401","W401","adult","3400","771","307","304","135","70","72","21.4","37.7","20.6",NA,NA,NA,NA,"no",NA,NA,NA,NA,NA,NA,"no","no","no",NA,"yes",NA,NA,"18","11","0.611111111",NA
"1","long_lake","1987","03","16",NA,NA,"orange","6","O6","white","404","W404","adult","3400","795","304","319","127","68","74","21.3","37.5","21.4","greenish/yellow",NA,NA,"yes","no",NA,NA,NA,NA,NA,NA,"no","no","no",NA,"yes",NA,NA,"20","1","0.05",NA
"1","long_lake","1987","03","16",NA,NA,"blue","205","B205","white","405","W405","adult","3300","805","340","328","135","71","74","20.4","39.2","22.2","green",NA,NA,"yes","no",NA,"yes",NA,"yes",NA,NA,"no","no","no",NA,"no",NA,NA,"20","10","0.5",NA
"1","long_lake","1987","03","16",NA,NA,"red","104","R104","white","407","W407","adult","3300","785","314","316","133","71","72","23.9","38.8","22.8",NA,NA,NA,"yes","no",NA,NA,NA,"yes",NA,NA,"no","yes","no",NA,"no",NA,NA,"20","1","0.05",NA
"1","long_lake","1987","03","18",NA,NA,"white","409","W409","white","408","W408","adult","3600","785","284","312","135","71","77","23.1","38.3","21.8","brilliant yellow",NA,"no","yes","no",NA,"no",NA,"yes",NA,NA,"no","yes","no","no","no",NA,NA,"20","3","0.15",NA
"8","mud_springs","1987","04","11","4:35",0.190972222222222,"red","116","R116","white","411","W411","juv","3000","700","269","296","128","66","70","24.8","39.45","23.55","lemon","bistre yellow","yes","yes","no","no","no","0","no","0",NA,NA,NA,NA,"no","no","11.5","15",NA,NA,NA,NA
"6","broken_wing","1987","04","14","4:17",0.178472222222222,"blue","294","B294","white","414","W414","adult","3500","781","331","295","135","74","68","22.8","38.75","24.65","olive yellow","bistre yellow","no","no","no","no","no","0","no","0",NA,"no","yes","no","no","yes","9","27","5","1","0.2",NA
"6","broken_wing","1987","04","14","4:50",0.201388888888889,"green","348","G348","white","415","W415","adult","3100","892","312","313","141","72","70","22.75","37.35","24.05","yellow olive","bistre yellow","yes","yes","no","no","no","0","yes","2",NA,"no","yes","no","no","yes","12","21.5","5","1","0.2",NA
"7","sybille_springs","1987","04","16","3:51",0.160416666666667,"red","141","R141","white","416","W416","juv","2750","543","256","315","127","71","70","25.3","38.3","23.2","olive yel-yel olive","bistre yellow","yes","yes","no","yes","no","0","no","0",NA,NA,NA,NA,"no","no","8","23.5",NA,NA,NA,NA
"6","broken_wing","1987","04","09","3:45",0.15625,"white","423","W423","white ","418","W418","adult","3150","744","311","304","136","69","66","23.3","38.9","20.9","olive yellow","bistre yellow","yes","no","no","no","no","0","no","0",NA,"no","yes","no","no","no","8.5","14.5","7","5","0.714285714",NA
"1","long_lake","1987","04","02",NA,NA,"green","321","G321","white","421","W421","juv","2550","674","238","318","131","70","68","23.6","37.6","21.95","apple green",NA,"yes","yes","no","no","no",NA,"no",NA,NA,"no","yes","no","no","no",NA,NA,"18","3","0.166666667",NA
"8","mud_springs","1987","04","26","6:57",0.289583333333333,"orange","79","O79","white","442","W442","adult","2800","690","310","325","130","70","65","25.4","41.1","23.8","olive yellow","bistre yellow","no","yes","no","no","no","0","yes","2",NA,NA,NA,NA,NA,"no",NA,NA,NA,NA,NA,NA
"2","north_lek","1987","04","19",NA,NA,"blue","251","B251","white","479","W479","juv","2800","732","231","309","125","70","72","23.3","38.9","21","yellow/green","golden yellow","yes","yes","no","no","no","0","no","0","mild","no","yes","no","no","no","12","20",NA,NA,NA,NA
"2","north_lek","1987","04","19","7:50",0.326388888888889,"red","181","R181","white","480","W480","juv","2600","700","216","299","132","71","65","21","36.7","23.7","yellow","yellow","yes","no","no","no","no","0","no","0",NA,"no","yes","no","no","no","13","24",NA,NA,NA,NA
"2","north_lek","1987","04","19","8:15",0.34375,"green","390","G390","white","482","W482","juv","3100","730","239","304","132","70","71","21.4","37.6","22.1","yellow/green","yellow","yes","yes","no","no","no","0","no","0",NA,"no","yes","no","no","no","9.5","20.5",NA,NA,NA,NA
"7","sybille_springs","1987","04","17",NA,NA,"orange","99","O99","white","483","W483","juv","2800","740","261","305","133","72","72","20.4","38.2","21.5","yellow/green","yellow","no","yes","no","no","no","0","no","0","yes",NA,NA,NA,"no","no","16.5","31","6","1","0.166666667",NA
"8","mud_springs","1987","04","14","4:15",0.177083333333333,"orange","98","O98","white","484","W484","adult","3550","811","327","304","139","71","72","23.1","40.3","21.7","yellow","yellow","no","no","no","no","no","0","yes","1",NA,NA,NA,NA,NA,"yes",NA,NA,NA,NA,NA,NA
"7","sybille_springs","1987","04","17","5:15",0.21875,"white","488","W488","white","487","W487","adult","3300","812","307","310","131","70","72","21.9","37.9","20.8","green","yellow green","no","no","no","no","no","0","yes","1",NA,NA,NA,NA,"no","yes","12.5","23",NA,NA,NA,NA
"8","mud_springs","1987","04","14","4:00",0.166666666666667,"blue","258","B258","white","489","W489","adult","3400","778","309","307","133","71","71","22.8","38.7","21.6","brilliant yellow","yellow green","no","no","no","no","no","0","no","0",NA,NA,NA,NA,NA,"yes",NA,NA,"5","1","0.2",NA
"4","south_fetterman","1987","04","12","4:00",0.166666666666667,"white","496","W496","white","495","W495","adult","3300","705","238","308","134","70","71","20.8","38","21.9","yellow","yellow","no","no","no","no","no","0","no","0",NA,"no","yes","no","no","no","8","11.5","4","2","0.5",NA
"5","cordingly","1987","04","11","4:15",0.177083333333333,"white","499","W499","white","498","W498","adult","3450","772","304","308","137","69","71","24.8","38.8","21.5","green","green","no","yes","no","no","no","0","no","0",NA,"no","no","no","no","no","8","17.5",NA,NA,NA,"nasty gash on head"
"1","long_lake","1987","03","19",NA,NA,"green","306","G306","purple","506","P506","juv","2900","710","252","310","134","70","73","20.8","37.7","22.5",NA,NA,"no","no","no",NA,"no",NA,"no",NA,NA,"yes","yes","no","no","yes",NA,NA,NA,NA,NA,NA
"1","long_lake","1987","03","18",NA,NA,"purple","509","P509","purple","508","P508","adult","3500","790","314","308","127","71","75","23.7","38.2","21.5",NA,NA,"no","yes","no",NA,"no",NA,"yes",NA,NA,"yes","yes","no","no","no",NA,NA,NA,NA,NA,NA
"8","mud_springs","1987","04","11","3:19",0.138194444444444,"blue","225","B225","purple","513","P513","adult","3200","721","323","313","126","75","69","23.2","39.4","24.1","greenish yellow","chrome yellow","yes","no","no","no","no","0","yes","1",NA,NA,NA,NA,"no","yes","10","13.5","7","4","0.571428571",NA
"6","broken_wing","1987","04","06",NA,NA,"orange","15","O15","purple","516","P516","adult","3450","709","284","317","121","70","69","26.2","38.1","23.95","yellow olive","chrome yellow","no","yes","no","no",NA,NA,NA,NA,NA,"no","yes","no","no","no","4","6.5",NA,NA,NA,"gash on rt breast, bleeding"
"6","broken_wing","1987","04","14","5:35",0.232638888888889,"green","320","G320","purple","519","P519","adult","3250",NA,NA,NA,NA,NA,NA,NA,NA,NA,NA,NA,"no","yes","no","no","no","0","no","0",NA,"no","yes","no","no","yes","12.5","24","7","5","0.714285714",NA
"6","broken_wing","1987","04","06",NA,NA,"green","320","G320","purple","519","P519","adult","3650","746","314","300","135","71","77","23.5","39.9","24.75","olive yellow","bistre yellow","yes","yes","no","no",NA,NA,NA,NA,NA,"no","yes","no","no","yes","8","11",NA,NA,NA,NA
"6","broken_wing","1987","04","09","4:25",0.184027777777778,"purple","524","P524","purple","523","P523","adult","3500","721","286","302","160","71","68","24.2","39","22.45","olive yellow","bistre yellow","yes","yes","no","no","no","0","no","0",NA,"no","yes","no","no","yes","9","12.5","7","5","0.714285714",NA
"4","south_fetterman","1987","04","13",NA,NA,"purple","561","P561","purple","560","P560","adult","3400","810","341","315","139","70","69","23.2","35.9","21.1","yellow","golden yellow","no","no","no","yes","no","0","yes","1",NA,NA,NA,"no","no","no","9","13.5",NA,NA,NA,NA
"1","long_lake","1987","04","10","5:55",0.246527777777778,"red","193","R193","purple","563","P563","adult","3200","760","306","307","127","70","72","24.6","38.1","22.2","yellow","yellow","no","no","no","no","no","0","no","0",NA,"no","yes","no","no","no","11","18.5",NA,NA,NA,NA
"1","long_lake","1987","04","10","7:10",0.298611111111111,"white","500","W500","purple","564","P564","juv","3000","700","240","315","133","70","74","21.1","35.5","21.5","yellow","yellow","no","no","no","no","no","0","no","0","yes","no","yes","no","no","no","10.5","16",NA,NA,NA,NA
"1","long_lake","1987","04","10","6:43",0.279861111111111,"orange","92","O92","purple","565","P565","adult","3300","779","308","318","131","70","71","22","39.1","22.6","yellow","yellow","yes","yes","no","no","no","0","no","0",NA,"no","yes","no","no","no","9.5","13.5",NA,NA,NA,"stressed out,release, got up"
"1","long_lake","1987","04","10","5:25",0.225694444444444,"blue","274","B274","purple","566","P566","adult","3300","764","305","310","131","69","71","23.9","37.5","22.4","green","yellow/green","no","no","no","no","no","0","no","0",NA,"no","yes","no","no","no","3.5","13","14","3","0.214285714",NA
"5","cordingly","1987","04","08","3:45",0.15625,"purple","575","P575","purple","567","P567","adult","3300","770","330","302","126","70","72","24","40.2","21.8","green","yellow","no","yes","no","yes","no","0","yes","4",NA,"no","yes","no","no","no","4.5","14","3","1","0.333333333",NA
"3","windmill_dam","1987","04","05",NA,NA,"white","449","W449","purple","568","P568","adult","3400","762","301","302","126","69","70","24.5","39.6","22.2",NA,NA,NA,NA,"no",NA,NA,NA,"yes","9",NA,"no","yes","no","no","no","7.5","12",NA,NA,NA,NA
"3","windmill_dam","1987","04","05",NA,NA,"red","194","R194","purple","570","P570","adult","3600","781","302","315","124","72","69","25.2","38.4","22","green",NA,"yes",NA,"no",NA,NA,NA,"yes","16",NA,"yes","yes","no","no","no","8","14.5",NA,NA,NA,NA
"3","windmill_dam","1987","04","05",NA,NA,"blue","271","B271","purple","571","P571","adult","3400","800","306","308","128","68","71","21.5","39.5","20.9","green",NA,"yes","yes","no",NA,"no","0","no","0",NA,"yes","yes","no","no","no","5.5","13.5","4","2","0.5",NA
"2","north_lek","1987","04","04",NA,NA,"green","397","G397","purple","574","P574","juv","2600","685","266","303","135","67","65","21.71","38.78","20.25","yellow","yellow","no","yes","no","no",NA,NA,NA,NA,NA,"no","yes","no","no",NA,"10","19",NA,NA,NA,NA
"7","sybille_springs","1987","04","16","3:30",0.145833333333333,"blue","280","B280","purple","583","P583","adult","3100","740","291","296","145","72","66","21.1","41.4","23.85","olive yellow","bistre yellow","no","yes","no","no","no","0","yes","1",NA,NA,NA,NA,"no",NA,"11","21.5",NA,NA,NA,"hole in rt air sac"
"7","sybille_springs","1987","04","17","5:00",0.208333333333333,"blue","280","B280","purple","583","P583","adult","3300",NA,NA,NA,NA,NA,NA,NA,NA,NA,NA,NA,NA,NA,"no",NA,NA,NA,NA,NA,NA,NA,NA,NA,"no",NA,"8","20.5",NA,NA,NA,NA
"7","sybille_springs","1987","04","16","3:06",0.129166666666667,"red","136","R136","purple","584","P584","adult","2700","715","278","305","145","72","67","23.05","40.35","23.05","olive yellow","bistre yellow","yes","yes","no","no","no","0","no","0",NA,NA,NA,NA,"no",NA,"11","22","6","1","0.166666667",NA
"7","sybille_springs","1987","04","15","6:03",0.252083333333333,"green","343","G343","purple","591","P591","adult","3000","748","305","323","144","74","65","24.25","39.75","25.6","olive yellow","bistre yellow","no","no","no","no","no","0","no","0","yes",NA,NA,NA,NA,NA,NA,NA,"7","3","0.428571429",NA
"8","mud_springs","1987","04","12","4:05",0.170138888888889,"purple","599","P599","purple","596","P596","adult","3100","734","296","313","132","70","69","23.9","40.95","25.7","olive yellow","chrome yellow","yes","yes","no","no","no","0","no","0",NA,NA,NA,NA,"no",NA,"7","14",NA,NA,NA,NA
"7","sybille_springs","1987","04","15","5:45",0.239583333333333,"orange","23","O23","purple","598","P598","adult","2800","710","331","308","127","68","65","21.95","40","21.1","olive yellow","bistre yellow","no","no","no","no","no","0","no","0",NA,NA,NA,NA,NA,NA,NA,NA,"7","4","0.571428571",NA
"1","long_lake","1987","03","10",NA,NA,"orange","10","O10","orange","9","O9","adult","3500","785","310","310","150","75","72","25.5","39.4","20.3",NA,NA,NA,NA,"no",NA,NA,NA,NA,NA,NA,"no","no","no",NA,NA,NA,NA,NA,NA,NA,NA
"2","north_lek","1987","03","14",NA,NA,"purple","502","P502","purple","501","P501","adult","3600","770","330","320","135","70","71","23.7","38","20.8",NA,NA,NA,NA,"yes",NA,NA,NA,NA,NA,NA,"no","no","no",NA,NA,NA,NA,"18","14","0.777777778",NA
"7","sybille_springs","1987","04","08","4:07",0.171527777777778,"purple","525","P525","purple","522","P522","adult","3350","765","327","309","138","66","67","23.25","38.6","23","yellow olive","greenish yellow","no","yes","yes","no","no","0","yes","2",NA,NA,NA,NA,"no",NA,"3","19.5","8","6","0.75",NA
"1","long_lake","1987","03","16",NA,NA,"green","303","G303","orange","5","O5","adult","3200","760","295","314","136","71","71","24.7","38.8","21.5","brilliant yellow",NA,"no","yes","yes","no","no",NA,"no",NA,NA,"no","yes","no",NA,NA,NA,NA,NA,NA,NA,"lesion under left wing"
"8","mud_springs","1987","04","09","5:00",0.208333333333333,"white","447","W447","white","444","W444","adult","3400","730","292","316","131","71","73","24.8","37.4","21.7","green","yellow/green","yes","no","yes","no","no","0","no","0",NA,NA,NA,NA,"no",NA,"8","13.5","8","1","0.125",NA
"1","long_lake","1987","03","16",NA,NA,"purple","507","P507","white","406","W406","adult","3100","801","334","324","130","74","73","21.6","37.6","20.8","green",NA,NA,NA,"yes",NA,NA,NA,NA,NA,NA,"no","yes","no","no",NA,NA,NA,"20","9","0.45",NA
"8","mud_springs","1987","04","12","6:20",0.263888888888889,"white","413","W413","green","344","G344","adult","3100","740","332","301","125","75","65","23.3","38.6","24.75","olive yellow","bistre yellow","no","no","yes","no","no","0","no","0",NA,NA,NA,NA,"no",NA,"11","17","7","6","0.857142857","even sac color"
"2","north_lek","1987","04","04",NA,NA,"red","109","R109","blue","273","B273","adult","3200","750","325","299","136","67","65","25.66","36","17.45","yellow/green","yellow","no","yes","yes","no",NA,NA,NA,NA,NA,"no","yes","no","no",NA,"10.5","25","15","14","0.933333333",NA
"1","long_lake","1987","04","18","4:50",0.201388888888889,"green","389","G389","red","183","R183","adult","3100","770","273","309","135","69","71","27.2","41.4","21.8","yellow/green","yellow","yes","no","yes","no","no","0","no","0",NA,"no","yes","no","no",NA,"10","21.5","8","2","0.25",NA
"1","long_lake","1987","04","10","5:25",0.225694444444444,"green","303","G303","orange","5","O5","adult","3150",NA,NA,NA,NA,NA,NA,NA,NA,NA,NA,NA,NA,NA,"yes",NA,NA,NA,"yes","4",NA,"no","yes","no","no",NA,"7.5","12","20","8","0.4",NA
